,City,Cloudiness,Country,Date,Humidity,Lat,Lon,Hi Temp,Wind Speed
0,Sisophon,91.0,KH,1619742865.0,78.0,13.5859,102.9737,26.92,2.67
1,San Cristobal,75.0,VE,1619743059.0,100.0,7.7669,-72.225,24.0,1.54
2,Cam Ranh,20.0,VN,1619743060.0,69.0,11.9214,109.1591,28.0,2.57
3,Taolanaro,,,,,,,,
4,Yellowknife,75.0,CA,1619742726.0,59.0,62.456,-114.3525,-1.67,6.17
5,Lebu,100.0,CL,1619742835.0,94.0,-37.6167,-73.65,12.83,3.42
6,San Juan,0.0,AR,1619742955.0,38.0,-31.5375,-68.5364,20.39,1.11
7,Rikitea,89.0,PF,1619742600.0,67.0,-23.1203,-134.9692,24.69,4.78
8,Port Alfred,100.0,ZA,1619742797.0,72.0,-33.5906,26.891,17.32,6.34
9,Alofi,75.0,NU,1619742844.0,79.0,-19.0595,-169.9187,29.0,2.57
10,Ushuaia,40.0,AR,1619742742.0,65.0,-54.8,-68.3,5.0,2.06
11,New Norfolk,8.0,AU,1619742736.0,73.0,-42.7826,147.0587,17.78,2.68
12,Klaksvik,90.0,FO,1619742612.0,60.0,62.2266,-6.589,3.0,4.12
13,Katangli,99.0,RU,1619743061.0,87.0,51.7102,143.2326,0.36,4.48
14,Isangel,75.0,VU,1619742856.0,83.0,-19.55,169.2667,26.0,3.6
15,Kapaa,20.0,US,1619742732.0,61.0,22.0752,-159.319,26.0,6.17
16,Ust-Kamchatsk,,,,,,,,
17,Bluff,28.0,NZ,1619742621.0,75.0,-46.6,168.3333,12.78,7.15
18,Batsfjord,100.0,NO,1619743062.0,90.0,70.6345,29.7185,-2.08,11.21
19,Hithadhoo,80.0,MV,1619742729.0,71.0,-0.6,73.0833,28.75,3.08
20,Oranjemund,0.0,NA,1619743062.0,88.0,-28.55,16.4333,12.82,5.51
21,Chinsali,62.0,ZM,1619743063.0,98.0,-10.5414,32.0816,16.06,1.95
22,Vaini,90.0,TO,1619742771.0,100.0,-21.2,-175.2,24.0,3.6
23,Alekseyevsk,11.0,RU,1619743063.0,68.0,57.8406,108.3492,3.15,0.7
24,Mont-De-Marsan,0.0,FR,1619743063.0,93.0,44.0,-0.6667,10.56,1.56
25,Soyo,78.0,AO,1619742865.0,90.0,-6.1349,12.3689,26.0,2.53
26,Tuktoyaktuk,1.0,CA,1619742726.0,69.0,69.4541,-133.0374,-2.0,6.17
27,Bethel,90.0,US,1619742580.0,77.0,41.3712,-73.414,20.0,4.12
28,Siavonga,22.0,ZM,1619743064.0,67.0,-16.5382,28.7088,22.49,1.85
29,Port Moresby,40.0,PG,1619743064.0,70.0,-9.4431,147.1797,29.0,1.54
30,Rikitea,89.0,PF,1619742600.0,67.0,-23.1203,-134.9692,24.69,4.78
31,Khatanga,100.0,RU,1619742747.0,93.0,71.9667,102.5,0.11,3.11
32,Hermanus,50.0,ZA,1619742733.0,93.0,-34.4187,19.2345,9.44,2.19
33,Hithadhoo,80.0,MV,1619742729.0,71.0,-0.6,73.0833,28.75,3.08
34,Marsaxlokk,0.0,MT,1619743065.0,94.0,35.8419,14.5431,17.22,1.54
35,Mindelo,75.0,CV,1619742672.0,73.0,16.8901,-24.9804,22.0,8.75
36,Cape Town,20.0,ZA,1619742670.0,82.0,-33.9258,18.4232,15.56,3.6
37,Huntington,90.0,US,1619742930.0,100.0,38.4193,-82.4452,18.89,5.14
38,Punta Arenas,90.0,CL,1619742734.0,93.0,-53.15,-70.9167,5.0,3.6
39,Punta Arenas,90.0,CL,1619742734.0,93.0,-53.15,-70.9167,5.0,3.6
40,Dongkan,70.0,CN,1619743066.0,46.0,33.9997,119.8308,19.12,4.35
41,Qaanaaq,100.0,GL,1619742741.0,65.0,77.484,-69.3632,-2.95,4.17
42,Punta Arenas,90.0,CL,1619742734.0,93.0,-53.15,-70.9167,5.0,3.6
43,Ushuaia,40.0,AR,1619742742.0,65.0,-54.8,-68.3,5.0,2.06
44,Mataura,70.0,NZ,1619742721.0,75.0,-46.1927,168.8643,12.78,7.15
45,Saint-Philippe,44.0,RE,1619742751.0,78.0,-21.3585,55.7679,24.0,3.6
46,Vaini,90.0,TO,1619742771.0,100.0,-21.2,-175.2,24.0,3.6
47,Ixtapa,1.0,MX,1619742923.0,74.0,20.7,-105.2,27.0,6.17
48,Lorengau,66.0,PG,1619742854.0,66.0,-2.0226,147.2712,29.71,1.66
49,Kruisfontein,100.0,ZA,1619742936.0,94.0,-34.0033,24.7314,13.89,2.99
50,Rikitea,89.0,PF,1619742600.0,67.0,-23.1203,-134.9692,24.69,4.78
51,High Level,75.0,CA,1619743067.0,36.0,58.5169,-117.136,8.0,5.14
52,Arraial Do Cabo,40.0,BR,1619742832.0,88.0,-22.9661,-42.0278,22.0,3.09
53,Paita,0.0,PE,1619742795.0,77.0,-5.0892,-81.1144,21.34,7.28
54,Flinders,0.0,AU,1619742732.0,72.0,-34.5833,150.8552,20.56,0.89
55,New Norfolk,8.0,AU,1619742736.0,73.0,-42.7826,147.0587,17.78,2.68
56,Vaini,90.0,TO,1619742771.0,100.0,-21.2,-175.2,24.0,3.6
57,Bathsheba,20.0,BB,1619742894.0,65.0,13.2167,-59.5167,25.0,7.72
58,Rikitea,89.0,PF,1619742600.0,67.0,-23.1203,-134.9692,24.69,4.78
59,Marovoay,20.0,MG,1619743068.0,83.0,-16.1,46.6333,25.0,2.06
60,La Ronge,8.0,CA,1619742846.0,22.0,55.1001,-105.2842,7.0,1.54
61,Mar Del Plata,0.0,AR,1619742749.0,72.0,-38.0023,-57.5575,18.0,6.17
62,Hilo,20.0,US,1619742727.0,61.0,19.7297,-155.09,28.0,5.14
63,New Norfolk,8.0,AU,1619742736.0,73.0,-42.7826,147.0587,17.78,2.68
64,Cape Town,20.0,ZA,1619742670.0,82.0,-33.9258,18.4232,15.56,3.6
65,Atuona,5.0,PF,1619742696.0,68.0,-9.8,-139.0333,26.41,1.97
66,Anamur,0.0,TR,1619743069.0,88.0,36.0751,32.8369,19.0,2.06
67,Kapaa,20.0,US,1619742732.0,61.0,22.0752,-159.319,26.0,6.17
68,Khatanga,100.0,RU,1619742747.0,93.0,71.9667,102.5,0.11,3.11
69,Alveringem,69.0,BE,1619743070.0,93.0,50.9793,2.6775,4.44,1.03
70,Punta Arenas,90.0,CL,1619742734.0,93.0,-53.15,-70.9167,5.0,3.6
71,Albany,100.0,US,1619742723.0,90.0,42.6001,-73.9662,13.33,0.45
72,Hobart,20.0,AU,1619742632.0,82.0,-42.8794,147.3294,15.56,3.6
73,Arraial Do Cabo,40.0,BR,1619742832.0,88.0,-22.9661,-42.0278,22.0,3.09
74,Lebu,100.0,CL,1619742835.0,94.0,-37.6167,-73.65,12.83,3.42
75,Toliary,,,,,,,,
76,Barrow,90.0,US,1619742622.0,79.0,71.2906,-156.7887,-6.0,3.6
77,Lima,0.0,PE,1619742782.0,82.0,-12.0432,-77.0282,21.11,3.6
78,Bredasdorp,0.0,ZA,1619742714.0,87.0,-34.5322,20.0403,8.0,0.51
79,Gornopravdinsk,21.0,RU,1619743071.0,90.0,60.05,69.9,3.46,3.28
80,New Norfolk,8.0,AU,1619742736.0,73.0,-42.7826,147.0587,17.78,2.68
81,Taolanaro,,,,,,,,
82,Busselton,22.0,AU,1619742623.0,99.0,-33.65,115.3333,10.56,0.45
83,Port Alfred,100.0,ZA,1619742797.0,72.0,-33.5906,26.891,17.32,6.34
84,Cape Town,20.0,ZA,1619742670.0,82.0,-33.9258,18.4232,15.56,3.6
85,Chuy,0.0,UY,1619742754.0,78.0,-33.6971,-53.4616,13.58,1.49
86,Te Anau,7.0,NZ,1619742865.0,72.0,-45.4167,167.7167,14.78,1.65
87,East London,100.0,ZA,1619742740.0,81.0,-33.0153,27.9116,17.63,5.42
88,Muros,5.0,ES,1619742722.0,88.0,42.7762,-9.0603,7.78,4.43
89,Teguldet,100.0,RU,1619742696.0,85.0,57.3064,88.1667,6.59,6.26
90,Victor Harbor,0.0,AU,1619743072.0,37.0,-35.5667,138.6167,23.33,4.3
91,Punta Arenas,90.0,CL,1619742734.0,93.0,-53.15,-70.9167,5.0,3.6
92,Provideniya,40.0,RU,1619742864.0,69.0,64.3833,-173.3,1.0,2.0
93,Mokhotlong,100.0,LS,1619743073.0,91.0,-29.2894,29.0675,8.61,1.59
94,Neiafu,75.0,TO,1619743073.0,84.0,-18.65,-173.9833,29.0,2.57
95,Daru,94.0,PG,1619742845.0,81.0,-9.0763,143.2092,26.89,4.19
96,Barrow,90.0,US,1619742622.0,79.0,71.2906,-156.7887,-6.0,3.6
97,Half Moon Bay,40.0,US,1619742934.0,82.0,37.4636,-122.4286,20.0,5.66
98,Kapuskasing,100.0,CA,1619743074.0,58.0,49.4169,-82.4331,13.0,5.14
99,Yei,100.0,SS,1619743074.0,99.0,4.095,30.6779,18.89,1.21
100,Mataura,70.0,NZ,1619742721.0,75.0,-46.1927,168.8643,12.78,7.15
101,Esperance,90.0,AU,1619742878.0,94.0,-33.8667,121.9,14.0,6.69
102,Keti Bandar,8.0,PK,1619743075.0,81.0,24.1447,67.4497,26.97,4.33
103,New Norfolk,8.0,AU,1619742736.0,73.0,-42.7826,147.0587,17.78,2.68
104,Ilulissat,100.0,GL,1619742899.0,69.0,69.2167,-51.1,2.0,1.54
105,Osypenko,6.0,UA,1619743075.0,100.0,46.9136,36.8253,13.33,4.92
106,Samusu,,,,,,,,
107,Tuktoyaktuk,1.0,CA,1619742726.0,69.0,69.4541,-133.0374,-2.0,6.17
108,Shingu,20.0,JP,1619742919.0,63.0,33.7333,135.9833,18.0,2.57
109,Saint George,1.0,US,1619742710.0,12.0,37.1041,-113.5841,30.56,4.63
110,Puerto Ayora,14.0,EC,1619742805.0,83.0,-0.7393,-90.3518,24.39,3.47
111,Hobart,20.0,AU,1619742632.0,82.0,-42.8794,147.3294,15.56,3.6
112,Butaritari,100.0,KI,1619742717.0,72.0,3.0707,172.7902,28.94,6.16
113,Sturgeon Falls,90.0,CA,1619743076.0,54.0,46.3646,-79.9326,13.0,2.57
114,Hobyo,92.0,SO,1619743077.0,69.0,5.3505,48.5268,28.99,2.68
115,Mount Gambier,0.0,AU,1619742814.0,77.0,-37.8333,140.7667,16.0,4.12
116,Solovetskiy,,,,,,,,
117,San Jose,75.0,US,1619742801.0,46.0,37.3394,-121.895,24.44,6.17
118,East London,100.0,ZA,1619742740.0,81.0,-33.0153,27.9116,17.63,5.42
119,Kudahuvadhoo,9.0,MV,1619743077.0,71.0,2.6708,72.8944,28.31,1.28
120,Yellowknife,75.0,CA,1619742726.0,59.0,62.456,-114.3525,-1.67,6.17
121,Fairbanks,90.0,US,1619742822.0,46.0,64.8378,-147.7164,10.0,3.09
122,Katsuura,20.0,JP,1619742852.0,72.0,35.1333,140.3,20.0,2.57
123,Igarape-Miri,,,,,,,,
124,Nova Vicosa,99.0,BR,1619743078.0,69.0,-17.8919,-39.3719,25.2,6.14
125,Yellowknife,75.0,CA,1619742726.0,59.0,62.456,-114.3525,-1.67,6.17
126,Busselton,22.0,AU,1619742623.0,99.0,-33.65,115.3333,10.56,0.45
127,Sibolga,100.0,ID,1619743079.0,92.0,1.7427,98.7792,24.26,1.68
128,Gizo,79.0,SB,1619742957.0,72.0,-8.103,156.8419,28.48,2.17
129,Lompoc,8.0,US,1619742845.0,77.0,34.6391,-120.4579,18.89,7.2
130,Babanusah,,,,,,,,
131,Panaba,6.0,MX,1619743079.0,49.0,21.2833,-88.2667,27.96,6.59
132,Lagoa,100.0,PT,1619742846.0,62.0,39.05,-27.9833,13.73,2.76
133,Cape Town,20.0,ZA,1619742670.0,82.0,-33.9258,18.4232,15.56,3.6
134,Upernavik,100.0,GL,1619742625.0,65.0,72.7868,-56.1549,-3.4,2.06
135,Mount Isa,5.0,AU,1619742821.0,47.0,-20.7333,139.5,25.0,3.09
136,New Norfolk,8.0,AU,1619742736.0,73.0,-42.7826,147.0587,17.78,2.68
137,Jamestown,90.0,US,1619742658.0,100.0,42.097,-79.2353,8.33,4.12
138,Port Alfred,100.0,ZA,1619742797.0,72.0,-33.5906,26.891,17.32,6.34
139,Yellowknife,75.0,CA,1619742726.0,59.0,62.456,-114.3525,-1.67,6.17
140,Lebu,100.0,CL,1619742835.0,94.0,-37.6167,-73.65,12.83,3.42
141,Hilo,20.0,US,1619742727.0,61.0,19.7297,-155.09,28.0,5.14
142,Punta Arenas,90.0,CL,1619742734.0,93.0,-53.15,-70.9167,5.0,3.6
143,Beloha,0.0,MG,1619742874.0,69.0,-25.1667,45.05,22.02,2.74
144,Klaksvik,90.0,FO,1619742612.0,60.0,62.2266,-6.589,3.0,4.12
145,Ayan,100.0,RU,1619742730.0,73.0,56.45,138.1667,0.52,6.43
146,New Norfolk,8.0,AU,1619742736.0,73.0,-42.7826,147.0587,17.78,2.68
147,Lerwick,100.0,GB,1619743081.0,87.0,60.1545,-1.1494,3.0,4.12
148,Mataura,70.0,NZ,1619742721.0,75.0,-46.1927,168.8643,12.78,7.15
149,Port Alfred,100.0,ZA,1619742797.0,72.0,-33.5906,26.891,17.32,6.34
150,Tuktoyaktuk,1.0,CA,1619742726.0,69.0,69.4541,-133.0374,-2.0,6.17
151,Puerto Ayora,14.0,EC,1619742805.0,83.0,-0.7393,-90.3518,24.39,3.47
152,Dwarka,44.0,IN,1619742709.0,76.0,22.2394,68.9678,26.78,3.24
153,Mys Shmidta,,,,,,,,
154,Thompson,20.0,CA,1619742787.0,40.0,55.7435,-97.8558,1.0,7.2
155,Busselton,22.0,AU,1619742623.0,99.0,-33.65,115.3333,10.56,0.45
156,Pangnirtung,100.0,CA,1619742764.0,80.0,66.1451,-65.7125,0.73,1.98
157,Cape Town,20.0,ZA,1619742670.0,82.0,-33.9258,18.4232,15.56,3.6
158,Tasiilaq,75.0,GL,1619742619.0,86.0,65.6145,-37.6368,0.0,4.63
159,Hithadhoo,80.0,MV,1619742729.0,71.0,-0.6,73.0833,28.75,3.08
160,Ushuaia,40.0,AR,1619742742.0,65.0,-54.8,-68.3,5.0,2.06
161,Ribeira Grande,100.0,PT,1619742772.0,65.0,38.5167,-28.7,14.25,4.58
162,Fredericksburg,100.0,US,1619743083.0,49.0,38.3032,-77.4605,27.22,0.45
163,Rikitea,89.0,PF,1619742600.0,67.0,-23.1203,-134.9692,24.69,4.78
164,Preobrazheniye,97.0,RU,1619743084.0,51.0,42.9019,133.9064,9.51,6.42
165,Nizhneyansk,,,,,,,,
166,Albany,100.0,US,1619742723.0,90.0,42.6001,-73.9662,13.33,0.45
167,Saint-Augustin,100.0,CA,1619743084.0,82.0,51.226,-58.6502,5.44,2.26
168,Skibbereen,40.0,IE,1619743084.0,87.0,51.55,-9.2667,4.0,2.57
169,Sitka,90.0,US,1619742605.0,81.0,57.0531,-135.33,8.0,4.63
170,Uyemskiy,40.0,RU,1619743085.0,86.0,64.4743,40.8524,-1.0,3.0
171,Sola,75.0,VU,1619743036.0,70.0,-13.8833,167.55,29.0,4.12
172,Bambous Virieux,75.0,MU,1619742860.0,83.0,-20.3428,57.7575,25.0,5.66
173,Longyearbyen,40.0,SJ,1619742882.0,68.0,78.2186,15.6401,-7.0,5.14
174,Painesville,100.0,US,1619743085.0,99.0,41.7245,-81.2457,8.89,4.16
175,Mikhaylovka,27.0,RU,1619743086.0,56.0,50.06,43.2379,6.13,2.33
176,Bang Sai,75.0,TH,1619743086.0,94.0,14.2124,100.4966,28.33,1.54
177,Puerto Ayora,14.0,EC,1619742805.0,83.0,-0.7393,-90.3518,24.39,3.47
178,Saint-Joseph,21.0,RE,1619743086.0,78.0,-21.3667,55.6167,24.0,3.6
179,Rikitea,89.0,PF,1619742600.0,67.0,-23.1203,-134.9692,24.69,4.78
180,Inuvik,86.0,CA,1619743087.0,38.0,68.3499,-133.7218,5.0,2.06
181,Ngozi,100.0,BI,1619743087.0,96.0,-2.9075,29.8306,13.14,0.63
182,Lebu,100.0,CL,1619742835.0,94.0,-37.6167,-73.65,12.83,3.42
183,Quata,9.0,BR,1619743088.0,56.0,-22.2475,-50.6983,17.39,6.84
184,Avarua,75.0,CK,1619742697.0,83.0,-21.2078,-159.775,28.0,4.63
185,Gorontalo,85.0,ID,1619743088.0,62.0,0.5412,123.0595,30.68,0.61
186,Leshukonskoye,99.0,RU,1619742786.0,90.0,64.8989,45.7622,-1.96,1.67
187,Cape Town,20.0,ZA,1619742670.0,82.0,-33.9258,18.4232,15.56,3.6
188,Busselton,22.0,AU,1619742623.0,99.0,-33.65,115.3333,10.56,0.45
189,Tumannyy,,,,,,,,
190,Mataura,70.0,NZ,1619742721.0,75.0,-46.1927,168.8643,12.78,7.15
191,Rikitea,89.0,PF,1619742600.0,67.0,-23.1203,-134.9692,24.69,4.78
192,Hilo,20.0,US,1619742727.0,61.0,19.7297,-155.09,28.0,5.14
193,Maridi,100.0,SS,1619743089.0,98.0,4.9158,29.4742,18.71,1.64
194,Mar Del Plata,0.0,AR,1619742749.0,72.0,-38.0023,-57.5575,18.0,6.17
195,Upernavik,100.0,GL,1619742625.0,65.0,72.7868,-56.1549,-3.4,2.06
196,Hithadhoo,80.0,MV,1619742729.0,71.0,-0.6,73.0833,28.75,3.08
197,Jamestown,90.0,US,1619742658.0,100.0,42.097,-79.2353,8.33,4.12
198,Mataura,70.0,NZ,1619742721.0,75.0,-46.1927,168.8643,12.78,7.15
199,Ribeira Grande,100.0,PT,1619742772.0,65.0,38.5167,-28.7,14.25,4.58
200,Channel-Port Aux Basques,10.0,CA,1619743090.0,87.0,47.5702,-59.1367,3.48,2.37
201,Poum,98.0,NC,1619742668.0,56.0,-20.2333,164.0167,25.28,5.97
202,Punta Arenas,90.0,CL,1619742734.0,93.0,-53.15,-70.9167,5.0,3.6
203,Upernavik,100.0,GL,1619742625.0,65.0,72.7868,-56.1549,-3.4,2.06
204,Gladstone,40.0,AU,1619743091.0,60.0,-23.85,151.25,24.0,6.17
205,Illoqqortoormiut,,,,,,,,
206,Seoul,75.0,KR,1619742495.0,71.0,37.5683,126.9778,12.0,1.54
207,Provideniya,40.0,RU,1619742864.0,69.0,64.3833,-173.3,1.0,2.0
208,Arraial Do Cabo,40.0,BR,1619742832.0,88.0,-22.9661,-42.0278,22.0,3.09
209,New Norfolk,8.0,AU,1619742736.0,73.0,-42.7826,147.0587,17.78,2.68
210,Pakokku,4.0,MM,1619743092.0,51.0,21.3333,95.1,30.58,2.88
211,Attawapiskat,,,,,,,,
212,Lagoa,100.0,PT,1619742846.0,62.0,39.05,-27.9833,13.73,2.76
213,Ribeira Grande,100.0,PT,1619742772.0,65.0,38.5167,-28.7,14.25,4.58
214,Vaitupu,,,,,,,,
215,Hilo,20.0,US,1619742727.0,61.0,19.7297,-155.09,28.0,5.14
216,Geraldton,75.0,AU,1619742676.0,77.0,-28.7667,114.6,18.0,5.66
217,Punta Arenas,90.0,CL,1619742734.0,93.0,-53.15,-70.9167,5.0,3.6
218,Qaanaaq,100.0,GL,1619742741.0,65.0,77.484,-69.3632,-2.95,4.17
219,Ushuaia,40.0,AR,1619742742.0,65.0,-54.8,-68.3,5.0,2.06
220,Pangnirtung,100.0,CA,1619742764.0,80.0,66.1451,-65.7125,0.73,1.98
221,Atuona,5.0,PF,1619742696.0,68.0,-9.8,-139.0333,26.41,1.97
222,College,75.0,US,1619742772.0,50.0,64.8569,-147.8028,10.0,1.54
223,Cabo San Lucas,1.0,MX,1619742670.0,36.0,22.8909,-109.9124,26.11,6.17
224,Punta Arenas,90.0,CL,1619742734.0,93.0,-53.15,-70.9167,5.0,3.6
225,Hermanus,50.0,ZA,1619742733.0,93.0,-34.4187,19.2345,9.44,2.19
226,Filadelfia,90.0,US,1619742950.0,94.0,39.9523,-75.1638,21.11,4.63
227,Eyl,96.0,SO,1619742850.0,73.0,7.9803,49.8164,28.49,2.46
228,Cherskiy,100.0,RU,1619742899.0,85.0,68.75,161.3,-5.81,5.52
229,Albany,100.0,US,1619742723.0,90.0,42.6001,-73.9662,13.33,0.45
230,Bandarbeyla,95.0,SO,1619742758.0,77.0,9.4942,50.8122,27.96,1.96
231,Arraial Do Cabo,40.0,BR,1619742832.0,88.0,-22.9661,-42.0278,22.0,3.09
232,Alghero,0.0,IT,1619743094.0,100.0,40.5589,8.3181,10.0,1.03
233,Yellowknife,75.0,CA,1619742726.0,59.0,62.456,-114.3525,-1.67,6.17
234,Geresk,,,,,,,,
235,Georgetown,20.0,MY,1619742613.0,88.0,5.4112,100.3354,27.0,2.06
236,Bambous Virieux,75.0,MU,1619742860.0,83.0,-20.3428,57.7575,25.0,5.66
237,Cape Town,20.0,ZA,1619742670.0,82.0,-33.9258,18.4232,15.56,3.6
238,Rikitea,89.0,PF,1619742600.0,67.0,-23.1203,-134.9692,24.69,4.78
239,Rio Verde De Mato Grosso,100.0,BR,1619743095.0,30.0,-18.9181,-54.8442,22.24,2.66
240,Trairi,100.0,BR,1619743000.0,87.0,-3.2778,-39.2689,24.81,2.67
241,Bainbridge,1.0,US,1619743096.0,33.0,47.6262,-122.5212,23.89,4.12
242,Arlit,0.0,NE,1619742966.0,9.0,18.7369,7.3853,29.83,2.43
243,Puerto Ayora,14.0,EC,1619742805.0,83.0,-0.7393,-90.3518,24.39,3.47
244,Mys Shmidta,,,,,,,,
245,Faanui,100.0,PF,1619742743.0,72.0,-16.4833,-151.75,27.68,3.31
246,Asau,27.0,RO,1619742862.0,62.0,46.4333,26.4,10.0,2.38
247,Hobart,20.0,AU,1619742632.0,82.0,-42.8794,147.3294,15.56,3.6
248,Umuarama,0.0,BR,1619742978.0,41.0,-23.7664,-53.325,16.8,3.15
249,Butaritari,100.0,KI,1619742717.0,72.0,3.0707,172.7902,28.94,6.16
250,Ushuaia,40.0,AR,1619742742.0,65.0,-54.8,-68.3,5.0,2.06
251,Voznesenskoye,98.0,RU,1619743097.0,93.0,54.89,42.7569,3.06,2.51
252,Port Augusta,0.0,AU,1619743097.0,33.0,-32.5,137.7667,22.0,2.06
253,Cabo San Lucas,1.0,MX,1619742670.0,36.0,22.8909,-109.9124,26.11,6.17
254,Barentsburg,,,,,,,,
255,Khormuj,,,,,,,,
256,Port Hardy,90.0,CA,1619742934.0,87.0,50.6996,-127.4199,12.0,2.57
257,Saint George,1.0,US,1619742710.0,12.0,37.1041,-113.5841,30.56,4.63
258,Cape Town,20.0,ZA,1619742670.0,82.0,-33.9258,18.4232,15.56,3.6
259,Anadyr,0.0,RU,1619742790.0,80.0,64.75,177.4833,-5.0,5.0
260,Thompson,20.0,CA,1619742787.0,40.0,55.7435,-97.8558,1.0,7.2
261,Grand River South East,,,,,,,,
262,Chuy,0.0,UY,1619742754.0,78.0,-33.6971,-53.4616,13.58,1.49
263,Cape Town,20.0,ZA,1619742670.0,82.0,-33.9258,18.4232,15.56,3.6
264,Yasenskaya,63.0,RU,1619743099.0,94.0,46.3592,38.269,9.99,5.28
265,Victoria,100.0,HK,1619742861.0,83.0,22.2855,114.1577,24.44,0.89
266,East London,100.0,ZA,1619742740.0,81.0,-33.0153,27.9116,17.63,5.42
267,Mataura,70.0,NZ,1619742721.0,75.0,-46.1927,168.8643,12.78,7.15
268,Omboue,100.0,GA,1619742711.0,89.0,-1.5746,9.2618,25.33,1.26
269,Husavik,90.0,IS,1619742996.0,87.0,66.0449,-17.3389,2.0,2.06
270,Marsh Harbour,41.0,BS,1619743099.0,75.0,26.5412,-77.0636,24.34,5.83
271,Abonnema,40.0,NG,1619743100.0,94.0,4.7084,6.7931,26.0,2.27
272,Severo-Kurilsk,19.0,RU,1619742821.0,81.0,50.6789,156.125,3.59,2.45
273,Rikitea,89.0,PF,1619742600.0,67.0,-23.1203,-134.9692,24.69,4.78
274,Illoqqortoormiut,,,,,,,,
275,Vaini,90.0,TO,1619742771.0,100.0,-21.2,-175.2,24.0,3.6
276,Talnakh,90.0,RU,1619742816.0,92.0,69.4865,88.3972,-1.17,1.68
277,Atuona,5.0,PF,1619742696.0,68.0,-9.8,-139.0333,26.41,1.97
278,Thompson,20.0,CA,1619742787.0,40.0,55.7435,-97.8558,1.0,7.2
279,Kabare,99.0,CD,1619743101.0,97.0,-2.4683,28.8242,15.42,0.54
280,Nizhneyansk,,,,,,,,
281,Baghmara,0.0,IN,1619743101.0,44.0,23.795,86.2085,28.95,3.07
282,Avarua,75.0,CK,1619742697.0,83.0,-21.2078,-159.775,28.0,4.63
283,Upernavik,100.0,GL,1619742625.0,65.0,72.7868,-56.1549,-3.4,2.06
284,Dikson,71.0,RU,1619742794.0,95.0,73.5069,80.5464,-15.71,3.23
285,Dryden,90.0,CA,1619743102.0,65.0,49.7833,-92.7503,3.0,3.09
286,Vaini,90.0,TO,1619742771.0,100.0,-21.2,-175.2,24.0,3.6
287,Provideniya,40.0,RU,1619742864.0,69.0,64.3833,-173.3,1.0,2.0
288,Tabiauea,,,,,,,,
289,Jamestown,90.0,US,1619742658.0,100.0,42.097,-79.2353,8.33,4.12
290,Lebu,100.0,CL,1619742835.0,94.0,-37.6167,-73.65,12.83,3.42
291,Punta Arenas,90.0,CL,1619742734.0,93.0,-53.15,-70.9167,5.0,3.6
292,Saint-Philippe,44.0,RE,1619742751.0,78.0,-21.3585,55.7679,24.0,3.6
293,San Cristobal,75.0,VE,1619743059.0,100.0,7.7669,-72.225,24.0,1.54
294,Taolanaro,,,,,,,,
295,Okha,100.0,RU,1619743103.0,82.0,53.5739,142.9478,0.32,2.9
296,Ushuaia,40.0,AR,1619742742.0,65.0,-54.8,-68.3,5.0,2.06
297,Santiago De Cao,75.0,PE,1619743104.0,100.0,-7.9589,-79.2392,16.0,2.06
298,Lebu,100.0,CL,1619742835.0,94.0,-37.6167,-73.65,12.83,3.42
299,Mataura,70.0,NZ,1619742721.0,75.0,-46.1927,168.8643,12.78,7.15
300,Tasbuget,,,,,,,,
301,Upernavik,100.0,GL,1619742625.0,65.0,72.7868,-56.1549,-3.4,2.06
302,Geraldton,75.0,AU,1619742676.0,77.0,-28.7667,114.6,18.0,5.66
303,Mahebourg,75.0,MU,1619742950.0,83.0,-20.4081,57.7,25.0,5.66
304,Narsaq,20.0,GL,1619742820.0,80.0,60.9167,-46.05,2.0,1.54
305,Forio,0.0,IT,1619743105.0,77.0,40.7342,13.8646,16.67,1.54
306,Cervo,47.0,ES,1619743105.0,99.0,43.6702,-7.4101,2.78,0.89
307,Fortuna,1.0,US,1619742945.0,51.0,40.5982,-124.1573,18.33,6.69
308,Ostrovnoy,100.0,RU,1619742898.0,82.0,68.0531,39.5131,-3.71,7.36
309,Buraydah,0.0,SA,1619743036.0,28.0,26.326,43.975,22.0,1.54
310,Jamestown,90.0,US,1619742658.0,100.0,42.097,-79.2353,8.33,4.12
311,Georgetown,20.0,MY,1619742613.0,88.0,5.4112,100.3354,27.0,2.06
312,Saint George,1.0,US,1619742710.0,12.0,37.1041,-113.5841,30.56,4.63
313,Kuche,,,,,,,,
314,Shanghai,0.0,CN,1619742838.0,56.0,31.2222,121.4581,26.11,3.0
315,Jubayl,,,,,,,,
316,Hede,30.0,CN,1619743106.0,43.0,33.7681,120.2517,19.52,3.69
317,Zhenlai,31.0,CN,1619743107.0,22.0,45.8495,123.2973,10.66,0.28
318,Albany,100.0,US,1619742723.0,90.0,42.6001,-73.9662,13.33,0.45
319,Nikolskoye,0.0,RU,1619742740.0,69.0,59.7035,30.7861,1.0,1.0
320,Aginskoye,100.0,RU,1619743107.0,79.0,51.1,114.53,1.59,7.23
321,Bluff,28.0,NZ,1619742621.0,75.0,-46.6,168.3333,12.78,7.15
322,Busselton,22.0,AU,1619742623.0,99.0,-33.65,115.3333,10.56,0.45
323,Cherskiy,100.0,RU,1619742899.0,85.0,68.75,161.3,-5.81,5.52
324,Pisco,0.0,PE,1619742866.0,83.0,-13.7,-76.2167,20.0,2.57
325,Cape Town,20.0,ZA,1619742670.0,82.0,-33.9258,18.4232,15.56,3.6
326,Punta Arenas,90.0,CL,1619742734.0,93.0,-53.15,-70.9167,5.0,3.6
327,Amderma,,,,,,,,
328,Punta Arenas,90.0,CL,1619742734.0,93.0,-53.15,-70.9167,5.0,3.6
329,Pritzwalk,100.0,DE,1619743109.0,91.0,53.1494,12.1741,7.22,4.54
330,Mount Pleasant,100.0,US,1619743109.0,79.0,32.7941,-79.8626,23.33,0.89
331,Nome,40.0,US,1619742700.0,69.0,64.5011,-165.4064,-1.67,8.23
332,Arraial Do Cabo,40.0,BR,1619742832.0,88.0,-22.9661,-42.0278,22.0,3.09
333,Tariba,75.0,VE,1619743109.0,100.0,7.8188,-72.2243,24.0,1.54
334,Verkhnyaya Inta,100.0,RU,1619743110.0,95.0,65.9811,60.3094,-6.75,0.93
335,Kaniama,95.0,CD,1619743110.0,93.0,-7.5667,24.1833,19.43,1.71
336,Jumla,41.0,NP,1619743110.0,61.0,29.2747,82.1838,11.03,1.81
337,Namatanai,100.0,PG,1619743111.0,66.0,-3.6667,152.4333,29.69,0.66
338,Lufilufi,75.0,WS,1619743111.0,70.0,-13.8745,-171.5986,33.0,6.17
339,Tabas,100.0,IR,1619743111.0,38.0,33.5959,56.9244,23.78,2.24
340,Vaini,90.0,TO,1619742771.0,100.0,-21.2,-175.2,24.0,3.6
341,Rikitea,89.0,PF,1619742600.0,67.0,-23.1203,-134.9692,24.69,4.78
342,Kaitangata,85.0,NZ,1619742897.0,53.0,-46.2817,169.8464,14.44,8.05
343,Stokmarknes,57.0,NO,1619742855.0,81.0,68.5646,14.9108,1.11,4.57
344,Vostok,64.0,RU,1619742947.0,28.0,46.4856,135.8833,11.83,2.63
345,Albany,100.0,US,1619742723.0,90.0,42.6001,-73.9662,13.33,0.45
346,Vaini,90.0,TO,1619742771.0,100.0,-21.2,-175.2,24.0,3.6
347,Havelock,1.0,US,1619743112.0,68.0,34.8791,-76.9013,22.22,8.23
348,Salalah,75.0,OM,1619742813.0,83.0,17.0151,54.0924,28.0,3.09
349,Ushuaia,40.0,AR,1619742742.0,65.0,-54.8,-68.3,5.0,2.06
350,Taolanaro,,,,,,,,
351,Poum,98.0,NC,1619742668.0,56.0,-20.2333,164.0167,25.28,5.97
352,Saint-Augustin,100.0,CA,1619743084.0,82.0,51.226,-58.6502,5.44,2.26
353,Gat,0.0,IL,1619742747.0,77.0,31.61,34.7642,18.0,1.54
354,Lebu,100.0,CL,1619742835.0,94.0,-37.6167,-73.65,12.83,3.42
355,Qaanaaq,100.0,GL,1619742741.0,65.0,77.484,-69.3632,-2.95,4.17
356,Taolanaro,,,,,,,,
357,Jamestown,90.0,US,1619742658.0,100.0,42.097,-79.2353,8.33,4.12
358,Kapaa,20.0,US,1619742732.0,61.0,22.0752,-159.319,26.0,6.17
359,Cascais,98.0,PT,1619743114.0,73.0,38.6979,-9.4215,13.33,4.53
360,Wajid,100.0,SO,1619743114.0,84.0,3.8093,43.2471,24.12,4.77
361,Atuona,5.0,PF,1619742696.0,68.0,-9.8,-139.0333,26.41,1.97
362,Bluff,28.0,NZ,1619742621.0,75.0,-46.6,168.3333,12.78,7.15
363,Taolanaro,,,,,,,,
364,Ushuaia,40.0,AR,1619742742.0,65.0,-54.8,-68.3,5.0,2.06
365,Burnie,64.0,AU,1619743115.0,92.0,-41.0667,145.9167,12.78,0.45
366,Taolanaro,,,,,,,,
367,Gyor,0.0,HU,1619743115.0,72.0,47.6833,17.6351,15.0,5.66
368,Saint-Pierre,1.0,RE,1619743116.0,78.0,-21.3393,55.4781,24.0,3.6
369,Albany,100.0,US,1619742723.0,90.0,42.6001,-73.9662,13.33,0.45
370,Rikitea,89.0,PF,1619742600.0,67.0,-23.1203,-134.9692,24.69,4.78
371,Punta Arenas,90.0,CL,1619742734.0,93.0,-53.15,-70.9167,5.0,3.6
372,Zaozerne,0.0,UA,1619743116.0,73.0,45.1582,33.2787,8.89,2.04
373,East London,100.0,ZA,1619742740.0,81.0,-33.0153,27.9116,17.63,5.42
374,Jumla,41.0,NP,1619743110.0,61.0,29.2747,82.1838,11.03,1.81
375,Rikitea,89.0,PF,1619742600.0,67.0,-23.1203,-134.9692,24.69,4.78
376,Amahai,81.0,ID,1619743117.0,69.0,-3.3333,128.9167,28.94,0.99
377,Rikitea,89.0,PF,1619742600.0,67.0,-23.1203,-134.9692,24.69,4.78
378,Bluff,28.0,NZ,1619742621.0,75.0,-46.6,168.3333,12.78,7.15
379,Puerto Leguizamo,100.0,CO,1619742729.0,98.0,-0.1934,-74.7819,22.09,1.21
380,Hermanus,50.0,ZA,1619742733.0,93.0,-34.4187,19.2345,9.44,2.19
381,Port Elizabeth,96.0,ZA,1619742801.0,94.0,-33.918,25.5701,13.89,4.67
382,Bathsheba,20.0,BB,1619742894.0,65.0,13.2167,-59.5167,25.0,7.72
383,Dunedin,100.0,NZ,1619742865.0,88.0,-45.8742,170.5036,11.67,8.49
384,Kapaa,20.0,US,1619742732.0,61.0,22.0752,-159.319,26.0,6.17
385,Brownsville,90.0,US,1619742855.0,69.0,25.9018,-97.4975,28.0,4.63
386,Vaini,90.0,TO,1619742771.0,100.0,-21.2,-175.2,24.0,3.6
387,Leh,15.0,IN,1619743118.0,54.0,34.1667,77.5833,1.65,0.27
388,Coquimbo,0.0,CL,1619742824.0,88.0,-29.9533,-71.3436,13.0,3.09
389,Tuktoyaktuk,1.0,CA,1619742726.0,69.0,69.4541,-133.0374,-2.0,6.17
390,Krasyliv,100.0,UA,1619743119.0,95.0,49.6519,26.9725,8.33,4.5
391,New Norfolk,8.0,AU,1619742736.0,73.0,-42.7826,147.0587,17.78,2.68
392,Arraial Do Cabo,40.0,BR,1619742832.0,88.0,-22.9661,-42.0278,22.0,3.09
393,Ushuaia,40.0,AR,1619742742.0,65.0,-54.8,-68.3,5.0,2.06
394,Mount Gambier,0.0,AU,1619742814.0,77.0,-37.8333,140.7667,16.0,4.12
395,Padampur,99.0,IN,1619743120.0,25.0,29.6833,73.6167,29.51,4.13
396,Cape Town,20.0,ZA,1619742670.0,82.0,-33.9258,18.4232,15.56,3.6
397,Erenhot,71.0,CN,1619743120.0,13.0,43.6475,111.9767,7.47,5.32
398,Cruden Bay,,,,,,,,
399,Loviisa,0.0,FI,1619743121.0,93.0,60.4566,26.2251,-1.0,1.54
400,San Cristobal,75.0,VE,1619743059.0,100.0,7.7669,-72.225,24.0,1.54
401,Tigzirt,90.0,DZ,1619743121.0,69.0,36.8886,4.1198,15.55,2.06
402,Nabire,96.0,ID,1619743121.0,70.0,-3.3667,135.4833,28.82,0.72
403,Katsuura,20.0,JP,1619742852.0,72.0,35.1333,140.3,20.0,2.57
404,Tuktoyaktuk,1.0,CA,1619742726.0,69.0,69.4541,-133.0374,-2.0,6.17
405,Barrow,90.0,US,1619742622.0,79.0,71.2906,-156.7887,-6.0,3.6
406,Havre-Saint-Pierre,90.0,CA,1619742757.0,87.0,50.2334,-63.5986,4.0,2.57
407,Ushuaia,40.0,AR,1619742742.0,65.0,-54.8,-68.3,5.0,2.06
408,Ushuaia,40.0,AR,1619742742.0,65.0,-54.8,-68.3,5.0,2.06
409,Melo,0.0,UY,1619743122.0,78.0,-32.3667,-54.1833,12.34,1.81
410,Ancud,75.0,CL,1619742900.0,88.0,-41.8697,-73.8203,13.89,7.2
411,Tumannyy,,,,,,,,
412,Punta Arenas,90.0,CL,1619742734.0,93.0,-53.15,-70.9167,5.0,3.6
413,Codrington,0.0,AU,1619742780.0,44.0,-38.2667,141.9667,20.65,4.74
414,Gat,0.0,IL,1619742747.0,77.0,31.61,34.7642,18.0,1.54
415,Clyde River,90.0,CA,1619743123.0,100.0,70.4692,-68.5914,-4.0,5.66
416,Torbay,1.0,CA,1619742826.0,81.0,47.6666,-52.7314,3.89,2.57
417,Illoqqortoormiut,,,,,,,,
418,Kahului,40.0,US,1619742806.0,69.0,20.8947,-156.47,28.0,8.23
419,Mataura,70.0,NZ,1619742721.0,75.0,-46.1927,168.8643,12.78,7.15
420,Longyearbyen,40.0,SJ,1619742882.0,68.0,78.2186,15.6401,-7.0,5.14
421,Sri Aman,40.0,MY,1619743124.0,94.0,1.2376,111.4621,24.0,0.49
422,Mataura,70.0,NZ,1619742721.0,75.0,-46.1927,168.8643,12.78,7.15
423,Atuona,5.0,PF,1619742696.0,68.0,-9.8,-139.0333,26.41,1.97
424,Tuktoyaktuk,1.0,CA,1619742726.0,69.0,69.4541,-133.0374,-2.0,6.17
425,Goulburn,0.0,AU,1619743125.0,46.0,-34.75,149.7167,18.06,3.04
426,Belmonte,75.0,BR,1619742943.0,88.0,-15.8631,-38.8828,24.0,1.03
427,Nizhneyansk,,,,,,,,
428,Port Alfred,100.0,ZA,1619742797.0,72.0,-33.5906,26.891,17.32,6.34
429,Lazaro Cardenas,100.0,MX,1619742851.0,76.0,17.9583,-102.2,25.96,4.13
430,Castro,1.0,BR,1619742771.0,96.0,-24.7911,-50.0119,10.33,2.23
431,Bell Ville,0.0,AR,1619743125.0,87.0,-32.6259,-62.6887,14.44,2.24
432,Saskylakh,100.0,RU,1619742757.0,91.0,71.9167,114.0833,0.3,3.78
433,San Quintin,0.0,MX,1619742860.0,63.0,30.4833,-115.95,19.75,4.25
434,Candawaga,,,,,,,,
435,Hobart,20.0,AU,1619742632.0,82.0,-42.8794,147.3294,15.56,3.6
436,Vila Velha,75.0,BR,1619742810.0,83.0,-20.3297,-40.2925,22.0,5.14
437,Radcliff,75.0,US,1619743126.0,100.0,37.8404,-85.9491,17.22,4.12
438,Klaksvik,90.0,FO,1619742612.0,60.0,62.2266,-6.589,3.0,4.12
439,Atuona,5.0,PF,1619742696.0,68.0,-9.8,-139.0333,26.41,1.97
440,Severo-Kurilsk,19.0,RU,1619742821.0,81.0,50.6789,156.125,3.59,2.45
441,Gunnedah,0.0,AU,1619743127.0,61.0,-30.9833,150.25,20.0,0.89
442,Bluff,28.0,NZ,1619742621.0,75.0,-46.6,168.3333,12.78,7.15
443,Hamilton,90.0,US,1619742514.0,72.0,39.1834,-84.5333,16.11,7.72
444,Maraa,100.0,BR,1619742840.0,98.0,-1.8333,-65.3667,22.7,0.84
445,Barrow,90.0,US,1619742622.0,79.0,71.2906,-156.7887,-6.0,3.6
446,Micheweni,100.0,TZ,1619743128.0,88.0,-4.9667,39.8333,25.37,5.05
447,Punta Arenas,90.0,CL,1619742734.0,93.0,-53.15,-70.9167,5.0,3.6
448,Lasa,90.0,IT,1619742722.0,87.0,46.6166,10.7002,8.33,2.06
449,Mys Shmidta,,,,,,,,
450,Longyearbyen,40.0,SJ,1619742882.0,68.0,78.2186,15.6401,-7.0,5.14
451,Hovd,82.0,MN,1619742806.0,34.0,48.0056,91.6419,15.3,3.13
452,Cabo San Lucas,1.0,MX,1619742670.0,36.0,22.8909,-109.9124,26.11,6.17
453,Hermanus,50.0,ZA,1619742733.0,93.0,-34.4187,19.2345,9.44,2.19
454,Halalo,,,,,,,,
455,Ostrovnoy,100.0,RU,1619742898.0,82.0,68.0531,39.5131,-3.71,7.36
456,Rikitea,89.0,PF,1619742600.0,67.0,-23.1203,-134.9692,24.69,4.78
457,Ostrovnoy,100.0,RU,1619742898.0,82.0,68.0531,39.5131,-3.71,7.36
458,Chuy,0.0,UY,1619742754.0,78.0,-33.6971,-53.4616,13.58,1.49
459,Attawapiskat,,,,,,,,
460,Punta Arenas,90.0,CL,1619742734.0,93.0,-53.15,-70.9167,5.0,3.6
461,Yellowknife,75.0,CA,1619742726.0,59.0,62.456,-114.3525,-1.67,6.17
462,Illoqqortoormiut,,,,,,,,
463,Tessalit,11.0,ML,1619742889.0,8.0,20.1986,1.0114,32.32,3.41
464,Sept-Iles,75.0,CA,1619742923.0,70.0,50.2001,-66.3821,7.22,2.03
465,Krasnoselkup,100.0,RU,1619743130.0,94.0,65.7,82.4667,-0.15,7.65
466,Punta Arenas,90.0,CL,1619742734.0,93.0,-53.15,-70.9167,5.0,3.6
467,Victoria,100.0,HK,1619742861.0,83.0,22.2855,114.1577,24.44,0.89
468,Vilaka,100.0,LV,1619742814.0,96.0,57.1846,27.6722,3.9,3.86
469,Coihaique,40.0,CL,1619743131.0,58.0,-45.5752,-72.0662,15.0,4.12
470,Tuatapere,71.0,NZ,1619742927.0,75.0,-46.1333,167.6833,12.78,7.15
471,Atuona,5.0,PF,1619742696.0,68.0,-9.8,-139.0333,26.41,1.97
472,Rikitea,89.0,PF,1619742600.0,67.0,-23.1203,-134.9692,24.69,4.78
473,Impfondo,100.0,CG,1619743131.0,93.0,1.6381,18.0667,22.54,0.86
474,Pucallpa,20.0,PE,1619743132.0,69.0,-8.3791,-74.5539,24.0,2.57
475,Arraial Do Cabo,40.0,BR,1619742832.0,88.0,-22.9661,-42.0278,22.0,3.09
476,Natal,40.0,BR,1619743132.0,94.0,-5.795,-35.2094,25.0,5.14
477,Maitum,75.0,PH,1619743132.0,74.0,6.0392,124.4986,28.0,1.03
478,Hamilton,90.0,US,1619742514.0,72.0,39.1834,-84.5333,16.11,7.72
479,Henties Bay,0.0,NA,1619743133.0,86.0,-22.116,14.2845,12.78,0.45
480,Sechura,2.0,PE,1619742681.0,71.0,-5.5569,-80.8222,21.84,7.6
481,Deer Lake,75.0,CA,1619743037.0,75.0,49.1667,-57.4316,6.0,1.23
482,Nikolskoye,0.0,RU,1619742740.0,69.0,59.7035,30.7861,1.0,1.0
483,Aktash,82.0,RU,1619743133.0,59.0,50.3,87.7333,6.67,2.33
484,Yarada,40.0,IN,1619743134.0,94.0,17.65,83.2667,25.0,2.57
485,Punta Arenas,90.0,CL,1619742734.0,93.0,-53.15,-70.9167,5.0,3.6
486,Hobart,20.0,AU,1619742632.0,82.0,-42.8794,147.3294,15.56,3.6
487,Sharlyk,70.0,RU,1619743134.0,71.0,52.9167,54.75,4.98,1.66
488,Belushya Guba,,,,,,,,
489,Abu Zabad,100.0,SD,1619743135.0,47.0,12.35,29.25,26.34,2.18
490,Matagami,1.0,CA,1619743135.0,26.0,49.7502,-77.6328,15.0,1.54
491,Stornoway,40.0,GB,1619742875.0,75.0,58.2093,-6.3865,6.0,6.69
492,Mataura,70.0,NZ,1619742721.0,75.0,-46.1927,168.8643,12.78,7.15
493,Kapaa,20.0,US,1619742732.0,61.0,22.0752,-159.319,26.0,6.17
494,Luderitz,0.0,NA,1619742796.0,77.0,-26.6481,15.1594,13.32,9.67
495,Laguna,1.0,US,1619743136.0,12.0,38.421,-121.4238,32.78,2.06
496,Bethel,90.0,US,1619742580.0,77.0,41.3712,-73.414,20.0,4.12
497,Nikolskoye,0.0,RU,1619742740.0,69.0,59.7035,30.7861,1.0,1.0
498,Mataura,70.0,NZ,1619742721.0,75.0,-46.1927,168.8643,12.78,7.15
499,Airai,16.0,TL,1619742756.0,65.0,-8.9266,125.4092,21.76,1.41
500,Busselton,22.0,AU,1619742623.0,99.0,-33.65,115.3333,10.56,0.45
501,Coihaique,40.0,CL,1619743131.0,58.0,-45.5752,-72.0662,15.0,4.12
502,Shelburne,100.0,CA,1619743137.0,100.0,44.0787,-80.2041,8.89,4.5
503,Lata,100.0,PT,1619742890.0,91.0,40.1629,-8.3327,12.78,1.79
504,Batagay-Alyta,27.0,RU,1619743137.0,74.0,67.8006,130.4114,-3.53,1.19
505,Lanxi,0.0,CN,1619743137.0,62.0,29.2195,119.477,21.26,1.6
506,Hurghada,0.0,EG,1619743138.0,14.0,27.2574,33.8129,26.0,3.09
507,Aleppo,11.0,SY,1619743138.0,51.0,36.25,37.5,20.74,2.77
508,Rikitea,89.0,PF,1619742600.0,67.0,-23.1203,-134.9692,24.69,4.78
509,Ushuaia,40.0,AR,1619742742.0,65.0,-54.8,-68.3,5.0,2.06
510,Pyaozerskiy,100.0,RU,1619743139.0,86.0,65.8333,31.1667,-2.15,4.79
511,Havelock,1.0,US,1619743112.0,68.0,34.8791,-76.9013,22.22,8.23
512,Simao,100.0,CN,1619743139.0,78.0,22.7886,100.9748,20.3,0.79
513,Rikitea,89.0,PF,1619742600.0,67.0,-23.1203,-134.9692,24.69,4.78
514,Hermanus,50.0,ZA,1619742733.0,93.0,-34.4187,19.2345,9.44,2.19
515,Port Blair,100.0,IN,1619742877.0,74.0,11.6667,92.75,28.09,2.15
516,Gilgit,0.0,PK,1619743140.0,48.0,35.9221,74.3087,15.14,1.78
517,Guerrero Negro,0.0,MX,1619742879.0,59.0,27.9769,-114.0611,19.82,7.89
518,Barentsburg,,,,,,,,
519,Tiksi,83.0,RU,1619742900.0,81.0,71.6872,128.8694,-0.13,2.64
520,Hilo,20.0,US,1619742727.0,61.0,19.7297,-155.09,28.0,5.14
521,San Patricio,40.0,US,1619742853.0,83.0,28.017,-97.5169,27.22,4.12
522,Rikitea,89.0,PF,1619742600.0,67.0,-23.1203,-134.9692,24.69,4.78
523,Evensk,13.0,RU,1619742977.0,92.0,61.95,159.2333,0.85,0.47
524,Ushuaia,40.0,AR,1619742742.0,65.0,-54.8,-68.3,5.0,2.06
525,Souillac,75.0,MU,1619742874.0,83.0,-20.5167,57.5167,25.0,5.66
526,Punta Arenas,90.0,CL,1619742734.0,93.0,-53.15,-70.9167,5.0,3.6
527,Barrow,90.0,US,1619742622.0,79.0,71.2906,-156.7887,-6.0,3.6
528,Bredasdorp,0.0,ZA,1619742714.0,87.0,-34.5322,20.0403,8.0,0.51
529,The Pas,1.0,CA,1619743141.0,42.0,53.8251,-101.2541,5.0,3.6
530,Ribeira Grande,100.0,PT,1619742772.0,65.0,38.5167,-28.7,14.25,4.58
531,Puerto Ayora,14.0,EC,1619742805.0,83.0,-0.7393,-90.3518,24.39,3.47
532,Yarada,40.0,IN,1619743134.0,94.0,17.65,83.2667,25.0,2.57
533,Fortuna,1.0,US,1619742945.0,51.0,40.5982,-124.1573,18.33,6.69
534,Nantucket,90.0,US,1619742873.0,93.0,41.2835,-70.0995,10.0,5.14
535,Kavieng,40.0,PG,1619742937.0,69.0,-2.5744,150.7967,29.26,3.23
536,Saint-Philippe,44.0,RE,1619742751.0,78.0,-21.3585,55.7679,24.0,3.6
537,Bolungarvik,,,,,,,,
538,Bluff,28.0,NZ,1619742621.0,75.0,-46.6,168.3333,12.78,7.15
539,Mar Del Plata,0.0,AR,1619742749.0,72.0,-38.0023,-57.5575,18.0,6.17
540,Ushuaia,40.0,AR,1619742742.0,65.0,-54.8,-68.3,5.0,2.06
541,New Norfolk,8.0,AU,1619742736.0,73.0,-42.7826,147.0587,17.78,2.68
542,Mataura,70.0,NZ,1619742721.0,75.0,-46.1927,168.8643,12.78,7.15
543,Albany,100.0,US,1619742723.0,90.0,42.6001,-73.9662,13.33,0.45
544,Hermanus,50.0,ZA,1619742733.0,93.0,-34.4187,19.2345,9.44,2.19
545,Albany,100.0,US,1619742723.0,90.0,42.6001,-73.9662,13.33,0.45
546,Ketchikan,90.0,US,1619742777.0,93.0,55.3422,-131.6461,9.0,8.23
547,Atuona,5.0,PF,1619742696.0,68.0,-9.8,-139.0333,26.41,1.97
548,Atuona,5.0,PF,1619742696.0,68.0,-9.8,-139.0333,26.41,1.97
549,Kapaa,20.0,US,1619742732.0,61.0,22.0752,-159.319,26.0,6.17
550,Port Blair,100.0,IN,1619742877.0,74.0,11.6667,92.75,28.09,2.15
551,Turukhansk,100.0,RU,1619743144.0,96.0,65.8167,87.9833,1.34,5.24
552,Carnarvon,19.0,AU,1619742600.0,83.0,-24.8667,113.6333,22.0,5.66
553,Arraial Do Cabo,40.0,BR,1619742832.0,88.0,-22.9661,-42.0278,22.0,3.09
554,Taltal,0.0,CL,1619742620.0,79.0,-25.4,-70.4833,17.75,1.59
555,Nacala,36.0,MZ,1619743144.0,97.0,-14.5428,40.6728,22.85,2.55
556,Cabo San Lucas,1.0,MX,1619742670.0,36.0,22.8909,-109.9124,26.11,6.17
557,Hasaki,20.0,JP,1619742735.0,45.0,35.7333,140.8333,21.11,4.63
558,Jibuti,75.0,DJ,1619743145.0,74.0,11.5,42.5,29.0,4.67
559,Batagay-Alyta,27.0,RU,1619743137.0,74.0,67.8006,130.4114,-3.53,1.19
560,Vaini,90.0,TO,1619742771.0,100.0,-21.2,-175.2,24.0,3.6
561,Atuona,5.0,PF,1619742696.0,68.0,-9.8,-139.0333,26.41,1.97
562,Satwas,10.0,IN,1619743146.0,20.0,22.5333,76.6833,30.11,3.8
563,Atuona,5.0,PF,1619742696.0,68.0,-9.8,-139.0333,26.41,1.97
564,Chokurdakh,12.0,RU,1619742605.0,87.0,70.6333,147.9167,-8.31,1.99
565,Mahebourg,75.0,MU,1619742950.0,83.0,-20.4081,57.7,25.0,5.66
566,Barentsburg,,,,,,,,
567,Jega,46.0,NG,1619743146.0,16.0,12.2175,4.3792,31.17,2.96
568,Ushuaia,40.0,AR,1619742742.0,65.0,-54.8,-68.3,5.0,2.06
569,Albany,100.0,US,1619742723.0,90.0,42.6001,-73.9662,13.33,0.45
570,Russell,1.0,US,1619743147.0,69.0,32.3502,-85.1999,24.0,1.55
571,Ushuaia,40.0,AR,1619742742.0,65.0,-54.8,-68.3,5.0,2.06
572,Puerto Escondido,75.0,MX,1619742686.0,69.0,15.85,-97.0667,28.0,3.09
573,Mataura,70.0,NZ,1619742721.0,75.0,-46.1927,168.8643,12.78,7.15
574,Vaini,90.0,TO,1619742771.0,100.0,-21.2,-175.2,24.0,3.6
575,Manadhoo,56.0,MV,1619743148.0,74.0,5.7667,73.3833,28.31,2.85
576,Bredasdorp,0.0,ZA,1619742714.0,87.0,-34.5322,20.0403,8.0,0.51
577,Saskylakh,100.0,RU,1619742757.0,91.0,71.9167,114.0833,0.3,3.78
578,Hermanus,50.0,ZA,1619742733.0,93.0,-34.4187,19.2345,9.44,2.19
579,Bud,2.0,US,1619743148.0,82.0,39.447,-86.1758,14.44,3.04
580,Palanga,90.0,LT,1619743149.0,93.0,55.9175,21.0686,7.0,5.14
581,Velyka Bahachka,100.0,UA,1619743149.0,90.0,49.7912,33.7226,8.2,3.29
582,Aporawan,,,,,,,,
583,Rikitea,89.0,PF,1619742600.0,67.0,-23.1203,-134.9692,24.69,4.78
584,Develi,75.0,TR,1619743149.0,42.0,38.3906,35.4922,19.0,5.14
585,Ushuaia,40.0,AR,1619742742.0,65.0,-54.8,-68.3,5.0,2.06
586,Rikitea,89.0,PF,1619742600.0,67.0,-23.1203,-134.9692,24.69,4.78
587,Puerto Ayora,14.0,EC,1619742805.0,83.0,-0.7393,-90.3518,24.39,3.47
588,Rikitea,89.0,PF,1619742600.0,67.0,-23.1203,-134.9692,24.69,4.78
589,Rikitea,89.0,PF,1619742600.0,67.0,-23.1203,-134.9692,24.69,4.78
590,Griffith,1.0,US,1619743150.0,67.0,41.5284,-87.4237,16.11,2.06
591,Butaritari,100.0,KI,1619742717.0,72.0,3.0707,172.7902,28.94,6.16
592,Mys Shmidta,,,,,,,,
593,Arraial Do Cabo,40.0,BR,1619742832.0,88.0,-22.9661,-42.0278,22.0,3.09
594,New Norfolk,8.0,AU,1619742736.0,73.0,-42.7826,147.0587,17.78,2.68
595,Mathbaria,3.0,BD,1619743151.0,71.0,22.2876,89.9593,28.72,3.22
596,Hermanus,50.0,ZA,1619742733.0,93.0,-34.4187,19.2345,9.44,2.19
597,Albany,100.0,US,1619742723.0,90.0,42.6001,-73.9662,13.33,0.45
598,Dosso,33.0,NE,1619743152.0,18.0,13.049,3.1937,30.75,2.17
599,Zafra,3.0,ES,1619743152.0,82.0,38.4167,-6.4167,9.44,1.34
600,Denizli,0.0,TR,1619743152.0,55.0,37.8402,29.0698,15.0,1.65
601,Hobart,20.0,AU,1619742632.0,82.0,-42.8794,147.3294,15.56,3.6
602,Rikitea,89.0,PF,1619742600.0,67.0,-23.1203,-134.9692,24.69,4.78
603,Sorong,100.0,ID,1619743153.0,71.0,-0.8833,131.25,28.19,2.41
604,Georgetown,20.0,MY,1619742613.0,88.0,5.4112,100.3354,27.0,2.06
605,Vaitupu,,,,,,,,
606,Barrow,90.0,US,1619742622.0,79.0,71.2906,-156.7887,-6.0,3.6
607,Saint-Philippe,44.0,RE,1619742751.0,78.0,-21.3585,55.7679,24.0,3.6
608,Nanortalik,5.0,GL,1619742807.0,85.0,60.1432,-45.2371,2.8,4.2
609,Vestmanna,90.0,FO,1619743154.0,60.0,62.1564,-7.1664,3.0,4.12
610,Ostrovnoy,100.0,RU,1619742898.0,82.0,68.0531,39.5131,-3.71,7.36
611,Kollo,0.0,NE,1619743154.0,20.0,13.3043,2.339,34.0,0.51
612,Busselton,22.0,AU,1619742623.0,99.0,-33.65,115.3333,10.56,0.45
613,Omboue,100.0,GA,1619742711.0,89.0,-1.5746,9.2618,25.33,1.26
614,Edd,100.0,ER,1619743155.0,70.0,13.9297,41.6925,29.51,3.52
615,Tuktoyaktuk,1.0,CA,1619742726.0,69.0,69.4541,-133.0374,-2.0,6.17
616,Kavieng,40.0,PG,1619742937.0,69.0,-2.5744,150.7967,29.26,3.23
617,Ulladulla,0.0,AU,1619743135.0,68.0,-35.35,150.4667,18.33,3.6
618,Hermanus,50.0,ZA,1619742733.0,93.0,-34.4187,19.2345,9.44,2.19
619,Mogzon,100.0,RU,1619743155.0,57.0,51.7435,111.9606,1.86,3.87
620,Gweru,5.0,ZW,1619743156.0,64.0,-19.45,29.8167,15.27,2.84
621,Hasaki,20.0,JP,1619742735.0,45.0,35.7333,140.8333,21.11,4.63
622,Fairbanks,90.0,US,1619742822.0,46.0,64.8378,-147.7164,10.0,3.09
623,Golden,40.0,US,1619743113.0,24.0,39.7555,-105.2211,20.0,2.57
624,Belyy Yar,75.0,RU,1619743149.0,100.0,53.6039,91.3903,6.0,0.5
625,Husavik,90.0,IS,1619742996.0,87.0,66.0449,-17.3389,2.0,2.06
626,Tiksi,83.0,RU,1619742900.0,81.0,71.6872,128.8694,-0.13,2.64
627,Anton Lizardo,75.0,MX,1619743157.0,66.0,19.05,-95.9833,30.0,1.54
628,Tasiilaq,75.0,GL,1619742619.0,86.0,65.6145,-37.6368,0.0,4.63
629,Egvekinot,22.0,RU,1619743157.0,74.0,66.3167,-179.1667,-3.89,0.91
630,Akyab,9.0,MM,1619743157.0,76.0,20.15,92.9,27.58,1.56
631,Jamestown,90.0,US,1619742658.0,100.0,42.097,-79.2353,8.33,4.12
632,Srednekolymsk,99.0,RU,1619743158.0,94.0,67.45,153.6833,-0.79,2.52
633,Dingle,9.0,PH,1619742833.0,46.0,10.9995,122.6711,29.58,2.42
634,Hunza,,,,,,,,
635,Marcona,,,,,,,,
636,Fortuna,1.0,US,1619742945.0,51.0,40.5982,-124.1573,18.33,6.69
637,Busselton,22.0,AU,1619742623.0,99.0,-33.65,115.3333,10.56,0.45
638,Rikitea,89.0,PF,1619742600.0,67.0,-23.1203,-134.9692,24.69,4.78
639,Mogadishu,99.0,SO,1619742880.0,77.0,2.0371,45.3438,27.87,3.35
640,Srandakan,51.0,ID,1619743159.0,75.0,-7.9386,110.2506,26.92,0.95
641,Atuona,5.0,PF,1619742696.0,68.0,-9.8,-139.0333,26.41,1.97
642,Quatre Cocos,75.0,MU,1619743159.0,83.0,-20.2078,57.7625,25.0,5.66
643,Cape Town,20.0,ZA,1619742670.0,82.0,-33.9258,18.4232,15.56,3.6
644,Aksarka,100.0,RU,1619743160.0,96.0,66.5606,67.7975,-5.17,3.44
645,Hermanus,50.0,ZA,1619742733.0,93.0,-34.4187,19.2345,9.44,2.19
646,Lompoc,8.0,US,1619742845.0,77.0,34.6391,-120.4579,18.89,7.2
647,Telimele,83.0,GN,1619743160.0,71.0,10.9167,-13.3333,21.54,1.19
648,Faanui,100.0,PF,1619742743.0,72.0,-16.4833,-151.75,27.68,3.31
649,Pimenta Bueno,100.0,BR,1619743161.0,83.0,-11.6725,-61.1936,21.89,2.11
650,Georgetown,20.0,MY,1619742613.0,88.0,5.4112,100.3354,27.0,2.06
651,Belushya Guba,,,,,,,,
652,Hamilton,90.0,US,1619742514.0,72.0,39.1834,-84.5333,16.11,7.72
653,Toora-Khem,100.0,RU,1619743161.0,98.0,52.4675,96.11,1.87,1.17
654,Cherskiy,100.0,RU,1619742899.0,85.0,68.75,161.3,-5.81,5.52
655,Pangnirtung,100.0,CA,1619742764.0,80.0,66.1451,-65.7125,0.73,1.98
656,Saldanha,0.0,ZA,1619742924.0,71.0,-33.0117,17.9442,13.0,4.12
657,Arraial Do Cabo,40.0,BR,1619742832.0,88.0,-22.9661,-42.0278,22.0,3.09
658,Moffat,35.0,GB,1619743162.0,77.0,55.3323,-3.4454,3.33,0.89
659,Rikitea,89.0,PF,1619742600.0,67.0,-23.1203,-134.9692,24.69,4.78
660,Puerto Ayora,14.0,EC,1619742805.0,83.0,-0.7393,-90.3518,24.39,3.47
661,Nikolskoye,0.0,RU,1619742740.0,69.0,59.7035,30.7861,1.0,1.0
662,Genhe,100.0,CN,1619743163.0,92.0,50.7833,121.5167,0.8,2.11
663,Cape Town,20.0,ZA,1619742670.0,82.0,-33.9258,18.4232,15.56,3.6
664,Aksarka,100.0,RU,1619743160.0,96.0,66.5606,67.7975,-5.17,3.44
665,Tabou,100.0,CI,1619742943.0,82.0,4.423,-7.3528,26.65,2.38
666,Oromocto,75.0,CA,1619742873.0,54.0,45.8351,-66.4792,14.0,4.63
667,Norman Wells,20.0,CA,1619742807.0,31.0,65.282,-126.8329,8.0,2.57
668,Belushya Guba,,,,,,,,
669,Qaanaaq,100.0,GL,1619742741.0,65.0,77.484,-69.3632,-2.95,4.17
670,Mporokoso,89.0,ZM,1619743164.0,97.0,-9.3727,30.125,15.75,2.17
671,Yellowknife,75.0,CA,1619742726.0,59.0,62.456,-114.3525,-1.67,6.17
672,Mahebourg,75.0,MU,1619742950.0,83.0,-20.4081,57.7,25.0,5.66
673,Hermanus,50.0,ZA,1619742733.0,93.0,-34.4187,19.2345,9.44,2.19
674,Bluff,28.0,NZ,1619742621.0,75.0,-46.6,168.3333,12.78,7.15
675,Deniliquin,4.0,AU,1619743165.0,54.0,-35.5333,144.9667,18.33,3.05
676,Kiruna,75.0,SE,1619743165.0,93.0,67.8557,20.2251,-4.0,2.06
677,Dengfeng,0.0,CN,1619743165.0,37.0,34.4553,113.0281,21.04,2.72
678,Bambous Virieux,75.0,MU,1619742860.0,83.0,-20.3428,57.7575,25.0,5.66
679,Cape Town,20.0,ZA,1619742670.0,82.0,-33.9258,18.4232,15.56,3.6
680,Jamestown,90.0,US,1619742658.0,100.0,42.097,-79.2353,8.33,4.12
681,Sept-Iles,75.0,CA,1619742923.0,70.0,50.2001,-66.3821,7.22,2.03
682,Alvdal,40.0,NO,1619743166.0,74.0,62.1077,10.6307,-2.0,1.03
683,Rungata,,,,,,,,
684,Saint-Joseph,21.0,RE,1619743086.0,78.0,-21.3667,55.6167,24.0,3.6
685,Sola,75.0,VU,1619743036.0,70.0,-13.8833,167.55,29.0,4.12
686,Jandaia Do Sul,0.0,BR,1619743167.0,49.0,-23.6031,-51.6433,20.0,4.63
687,Kaitangata,85.0,NZ,1619742897.0,53.0,-46.2817,169.8464,14.44,8.05
688,Butaritari,100.0,KI,1619742717.0,72.0,3.0707,172.7902,28.94,6.16
689,La Paz,40.0,BO,1619742999.0,70.0,-16.5,-68.15,6.0,4.63
690,Falealupo,,,,,,,,
691,Chase,100.0,CA,1619743167.0,72.0,50.8165,-119.6857,16.67,1.03
692,Norman Wells,20.0,CA,1619742807.0,31.0,65.282,-126.8329,8.0,2.57
693,Ust-Nera,99.0,RU,1619743168.0,97.0,64.5667,143.2,2.3,1.05
694,Hermanus,50.0,ZA,1619742733.0,93.0,-34.4187,19.2345,9.44,2.19
695,Castro,1.0,BR,1619742771.0,96.0,-24.7911,-50.0119,10.33,2.23
696,Pevek,100.0,RU,1619742808.0,87.0,69.7008,170.3133,-6.08,3.61
697,Buraydah,0.0,SA,1619743036.0,28.0,26.326,43.975,22.0,1.54
698,Mengcheng,47.0,CN,1619743169.0,68.0,33.2579,116.5655,21.56,4.65
699,Klaksvik,90.0,FO,1619742612.0,60.0,62.2266,-6.589,3.0,4.12
700,Fort Nelson,75.0,CA,1619743169.0,57.0,58.8053,-122.7002,9.0,1.54
701,Harper,100.0,LR,1619743169.0,82.0,4.375,-7.7169,26.68,2.6
702,Grand River South East,,,,,,,,
703,Ocampo,92.0,MX,1619743170.0,50.0,21.65,-101.5,31.67,7.11
704,Punta Arenas,90.0,CL,1619742734.0,93.0,-53.15,-70.9167,5.0,3.6
705,Makakilo City,90.0,US,1619742755.0,54.0,21.3469,-158.0858,28.0,3.6
706,Upernavik,100.0,GL,1619742625.0,65.0,72.7868,-56.1549,-3.4,2.06
707,Tuktoyaktuk,1.0,CA,1619742726.0,69.0,69.4541,-133.0374,-2.0,6.17
708,Hobart,20.0,AU,1619742632.0,82.0,-42.8794,147.3294,15.56,3.6
709,Sorland,100.0,NO,1619742773.0,77.0,67.667,12.6934,2.48,9.1
710,Punta Arenas,90.0,CL,1619742734.0,93.0,-53.15,-70.9167,5.0,3.6
711,Kearney,1.0,US,1619743171.0,26.0,40.6995,-99.0815,21.0,4.63
712,Ridgecrest,75.0,US,1619742979.0,7.0,35.6225,-117.6709,33.33,2.57
713,Waingapu,100.0,ID,1619743171.0,73.0,-9.6567,120.2641,27.62,2.3
714,Codrington,0.0,AU,1619742780.0,44.0,-38.2667,141.9667,20.65,4.74
715,Bengkulu,100.0,ID,1619742875.0,91.0,-3.8004,102.2655,24.13,2.07
716,Saint-Philippe,44.0,RE,1619742751.0,78.0,-21.3585,55.7679,24.0,3.6
717,Taolanaro,,,,,,,,
718,Vaini,90.0,TO,1619742771.0,100.0,-21.2,-175.2,24.0,3.6
719,Punta Arenas,90.0,CL,1619742734.0,93.0,-53.15,-70.9167,5.0,3.6
720,Atuona,5.0,PF,1619742696.0,68.0,-9.8,-139.0333,26.41,1.97
721,Taolanaro,,,,,,,,
722,Nouadhibou,40.0,MR,1619743172.0,88.0,20.931,-17.0347,19.0,5.14
723,Ust-Ilimsk,6.0,RU,1619743173.0,61.0,58.0006,102.6619,4.65,2.67
724,Rikitea,89.0,PF,1619742600.0,67.0,-23.1203,-134.9692,24.69,4.78
725,Ushuaia,40.0,AR,1619742742.0,65.0,-54.8,-68.3,5.0,2.06
726,Saldanha,0.0,ZA,1619742924.0,71.0,-33.0117,17.9442,13.0,4.12
727,Yumen,63.0,CN,1619743173.0,10.0,40.2833,97.2,19.89,3.23
728,Hithadhoo,80.0,MV,1619742729.0,71.0,-0.6,73.0833,28.75,3.08
729,Hobart,20.0,AU,1619742632.0,82.0,-42.8794,147.3294,15.56,3.6
730,Kruisfontein,100.0,ZA,1619742936.0,94.0,-34.0033,24.7314,13.89,2.99
731,Rikitea,89.0,PF,1619742600.0,67.0,-23.1203,-134.9692,24.69,4.78
732,Samalaeulu,,,,,,,,
733,Saint-Philippe,44.0,RE,1619742751.0,78.0,-21.3585,55.7679,24.0,3.6
734,Bolungarvik,,,,,,,,
735,East London,100.0,ZA,1619742740.0,81.0,-33.0153,27.9116,17.63,5.42
736,Taolanaro,,,,,,,,
737,Pisco,0.0,PE,1619742866.0,83.0,-13.7,-76.2167,20.0,2.57
738,Rikitea,89.0,PF,1619742600.0,67.0,-23.1203,-134.9692,24.69,4.78
739,Rawson,100.0,AR,1619743175.0,57.0,-43.3002,-65.1023,17.72,1.23
740,Tuatapere,71.0,NZ,1619742927.0,75.0,-46.1333,167.6833,12.78,7.15
741,Srandakan,51.0,ID,1619743159.0,75.0,-7.9386,110.2506,26.92,0.95
742,Kiruna,75.0,SE,1619743165.0,93.0,67.8557,20.2251,-4.0,2.06
743,Rikitea,89.0,PF,1619742600.0,67.0,-23.1203,-134.9692,24.69,4.78
744,Thompson,20.0,CA,1619742787.0,40.0,55.7435,-97.8558,1.0,7.2
745,Kargasok,21.0,RU,1619742888.0,77.0,59.0556,80.8572,5.35,7.09
746,Rikitea,89.0,PF,1619742600.0,67.0,-23.1203,-134.9692,24.69,4.78
747,Ancud,75.0,CL,1619742900.0,88.0,-41.8697,-73.8203,13.89,7.2
748,Chokurdakh,12.0,RU,1619742605.0,87.0,70.6333,147.9167,-8.31,1.99
749,Port-Cartier,75.0,CA,1619743176.0,70.0,50.0334,-66.8654,7.22,1.42
750,Thai Binh,4.0,VN,1619743177.0,88.0,20.45,106.3333,23.0,1.03
751,Arraial Do Cabo,40.0,BR,1619742832.0,88.0,-22.9661,-42.0278,22.0,3.09
752,Rikitea,89.0,PF,1619742600.0,67.0,-23.1203,-134.9692,24.69,4.78
753,Kaitangata,85.0,NZ,1619742897.0,53.0,-46.2817,169.8464,14.44,8.05
754,Comodoro Rivadavia,0.0,AR,1619742850.0,45.0,-45.8667,-67.5,19.0,4.12
755,Manono,99.0,CD,1619743177.0,91.0,-7.3,27.4167,20.44,1.58
756,Ushuaia,40.0,AR,1619742742.0,65.0,-54.8,-68.3,5.0,2.06
757,Albany,100.0,US,1619742723.0,90.0,42.6001,-73.9662,13.33,0.45
758,Mataura,70.0,NZ,1619742721.0,75.0,-46.1927,168.8643,12.78,7.15
759,Kavieng,40.0,PG,1619742937.0,69.0,-2.5744,150.7967,29.26,3.23
760,Taolanaro,,,,,,,,
761,Qaanaaq,100.0,GL,1619742741.0,65.0,77.484,-69.3632,-2.95,4.17
762,Sao Filipe,100.0,CV,1619742887.0,76.0,14.8961,-24.4956,22.74,2.95
763,Hobart,20.0,AU,1619742632.0,82.0,-42.8794,147.3294,15.56,3.6
764,Abu Dhabi,0.0,AE,1619742942.0,42.0,24.4667,54.3667,30.0,1.03
765,Havelock,1.0,US,1619743112.0,68.0,34.8791,-76.9013,22.22,8.23
766,Bluff,28.0,NZ,1619742621.0,75.0,-46.6,168.3333,12.78,7.15
767,Albany,100.0,US,1619742723.0,90.0,42.6001,-73.9662,13.33,0.45
768,Tiksi,83.0,RU,1619742900.0,81.0,71.6872,128.8694,-0.13,2.64
769,Hermanus,50.0,ZA,1619742733.0,93.0,-34.4187,19.2345,9.44,2.19
770,Bontang,100.0,ID,1619742883.0,85.0,0.1333,117.5,26.66,0.32
771,Mataura,70.0,NZ,1619742721.0,75.0,-46.1927,168.8643,12.78,7.15
772,Butaritari,100.0,KI,1619742717.0,72.0,3.0707,172.7902,28.94,6.16
773,Langsa,100.0,ID,1619743180.0,91.0,4.4683,97.9683,25.36,0.75
774,Kodiak,90.0,US,1619742847.0,81.0,57.79,-152.4072,5.0,3.09
775,Berlevag,100.0,NO,1619742945.0,73.0,70.8578,29.0864,-1.36,12.52
776,Kahului,40.0,US,1619742806.0,69.0,20.8947,-156.47,28.0,8.23
777,Hermanus,50.0,ZA,1619742733.0,93.0,-34.4187,19.2345,9.44,2.19
778,Rikitea,89.0,PF,1619742600.0,67.0,-23.1203,-134.9692,24.69,4.78
779,Preobrazheniye,97.0,RU,1619743084.0,51.0,42.9019,133.9064,9.51,6.42
780,Mount Gambier,0.0,AU,1619742814.0,77.0,-37.8333,140.7667,16.0,4.12
781,Sampang,20.0,ID,1619743181.0,94.0,-7.1872,113.2394,27.0,1.03
782,Camacha,40.0,PT,1619742868.0,63.0,33.0833,-16.3333,16.0,5.14
783,Los Llanos De Aridane,75.0,ES,1619743181.0,77.0,28.6585,-17.9182,18.0,2.57
784,Arraial Do Cabo,40.0,BR,1619742832.0,88.0,-22.9661,-42.0278,22.0,3.09
785,Vostok,64.0,RU,1619742947.0,28.0,46.4856,135.8833,11.83,2.63
786,Moratuwa,90.0,LK,1619743182.0,94.0,6.773,79.8816,25.0,1.54
787,Prince Rupert,90.0,CA,1619742657.0,93.0,54.3161,-130.3201,9.0,7.2
788,Kapuskasing,100.0,CA,1619743074.0,58.0,49.4169,-82.4331,13.0,5.14
789,Kulhudhuffushi,82.0,MV,1619742702.0,73.0,6.6221,73.07,28.58,2.37
790,Fare,100.0,PF,1619743182.0,74.0,-16.7,-151.0167,27.51,3.01
791,Mahebourg,75.0,MU,1619742950.0,83.0,-20.4081,57.7,25.0,5.66
792,Tiksi,83.0,RU,1619742900.0,81.0,71.6872,128.8694,-0.13,2.64
793,Ocos,75.0,GT,1619742810.0,58.0,14.5094,-92.1933,32.0,2.06
794,Hirara,20.0,JP,1619742763.0,73.0,24.8,125.2833,24.0,2.06
795,Williston,89.0,US,1619743183.0,36.0,48.147,-103.618,17.22,0.89
796,Port Hardy,90.0,CA,1619742934.0,87.0,50.6996,-127.4199,12.0,2.57
797,Busselton,22.0,AU,1619742623.0,99.0,-33.65,115.3333,10.56,0.45
798,Port Alfred,100.0,ZA,1619742797.0,72.0,-33.5906,26.891,17.32,6.34
799,Punta Arenas,90.0,CL,1619742734.0,93.0,-53.15,-70.9167,5.0,3.6
800,Illoqqortoormiut,,,,,,,,
801,Plettenberg Bay,100.0,ZA,1619743091.0,84.0,-34.0527,23.3716,13.99,2.62
802,Avarua,75.0,CK,1619742697.0,83.0,-21.2078,-159.775,28.0,4.63
803,New Norfolk,8.0,AU,1619742736.0,73.0,-42.7826,147.0587,17.78,2.68
804,Srednekolymsk,99.0,RU,1619743158.0,94.0,67.45,153.6833,-0.79,2.52
805,Barentsburg,,,,,,,,
806,Hermanus,50.0,ZA,1619742733.0,93.0,-34.4187,19.2345,9.44,2.19
807,Mataura,70.0,NZ,1619742721.0,75.0,-46.1927,168.8643,12.78,7.15
808,Bluff,28.0,NZ,1619742621.0,75.0,-46.6,168.3333,12.78,7.15
809,Tasiilaq,75.0,GL,1619742619.0,86.0,65.6145,-37.6368,0.0,4.63
810,Gasa,0.0,PS,1619743185.0,77.0,31.5,34.4667,18.0,1.54
811,Cabo San Lucas,1.0,MX,1619742670.0,36.0,22.8909,-109.9124,26.11,6.17
812,Toliary,,,,,,,,
813,Mar Del Plata,0.0,AR,1619742749.0,72.0,-38.0023,-57.5575,18.0,6.17
814,Atuona,5.0,PF,1619742696.0,68.0,-9.8,-139.0333,26.41,1.97
815,Rikitea,89.0,PF,1619742600.0,67.0,-23.1203,-134.9692,24.69,4.78
816,Ribeira Grande,100.0,PT,1619742772.0,65.0,38.5167,-28.7,14.25,4.58
817,San Patricio,40.0,US,1619742853.0,83.0,28.017,-97.5169,27.22,4.12
818,Punta Arenas,90.0,CL,1619742734.0,93.0,-53.15,-70.9167,5.0,3.6
819,Butembo,100.0,CD,1619743157.0,95.0,0.15,29.2833,14.0,1.26
820,Ushuaia,40.0,AR,1619742742.0,65.0,-54.8,-68.3,5.0,2.06
821,Mullaitivu,,,,,,,,
822,Albany,100.0,US,1619742723.0,90.0,42.6001,-73.9662,13.33,0.45
823,Atuona,5.0,PF,1619742696.0,68.0,-9.8,-139.0333,26.41,1.97
824,Darhan,85.0,MN,1619743187.0,61.0,49.4867,105.9228,4.09,1.89
825,Castro,1.0,BR,1619742771.0,96.0,-24.7911,-50.0119,10.33,2.23
826,Xichang,91.0,CN,1619743021.0,45.0,27.8964,102.2634,18.6,0.6
827,Ushuaia,40.0,AR,1619742742.0,65.0,-54.8,-68.3,5.0,2.06
828,Xining,6.0,CN,1619743188.0,25.0,36.6167,101.7667,12.04,1.44
829,Barrow,90.0,US,1619742622.0,79.0,71.2906,-156.7887,-6.0,3.6
830,Port Alfred,100.0,ZA,1619742797.0,72.0,-33.5906,26.891,17.32,6.34
831,Saint-Philippe,44.0,RE,1619742751.0,78.0,-21.3585,55.7679,24.0,3.6
832,Majene,20.0,ID,1619743188.0,72.0,-3.5403,118.9707,28.52,2.67
833,Jamestown,90.0,US,1619742658.0,100.0,42.097,-79.2353,8.33,4.12
834,Hobart,20.0,AU,1619742632.0,82.0,-42.8794,147.3294,15.56,3.6
835,Punta Arenas,90.0,CL,1619742734.0,93.0,-53.15,-70.9167,5.0,3.6
836,Laguna,1.0,US,1619743136.0,12.0,38.421,-121.4238,32.78,2.06
837,Atuona,5.0,PF,1619742696.0,68.0,-9.8,-139.0333,26.41,1.97
838,Rosario,0.0,AR,1619743189.0,82.0,-32.9468,-60.6393,17.78,2.22
839,Bredasdorp,0.0,ZA,1619742714.0,87.0,-34.5322,20.0403,8.0,0.51
840,Vaitupu,,,,,,,,
841,Toropets,100.0,RU,1619743190.0,87.0,56.4978,31.6353,5.66,3.58
842,Lewisporte,75.0,CA,1619743190.0,87.0,49.2499,-55.0482,5.0,2.57
843,Illoqqortoormiut,,,,,,,,
844,Chokurdakh,12.0,RU,1619742605.0,87.0,70.6333,147.9167,-8.31,1.99
845,Mataura,70.0,NZ,1619742721.0,75.0,-46.1927,168.8643,12.78,7.15
846,Atuona,5.0,PF,1619742696.0,68.0,-9.8,-139.0333,26.41,1.97
847,Bredasdorp,0.0,ZA,1619742714.0,87.0,-34.5322,20.0403,8.0,0.51
848,Surgut,75.0,RU,1619743191.0,100.0,61.25,73.4167,2.0,4.0
849,Bacuit,,,,,,,,
850,Lagoa,100.0,PT,1619742846.0,62.0,39.05,-27.9833,13.73,2.76
851,Karpathos,29.0,GR,1619743192.0,88.0,35.507,27.2132,18.0,0.51
852,Qaanaaq,100.0,GL,1619742741.0,65.0,77.484,-69.3632,-2.95,4.17
853,Ushuaia,40.0,AR,1619742742.0,65.0,-54.8,-68.3,5.0,2.06
854,Ushuaia,40.0,AR,1619742742.0,65.0,-54.8,-68.3,5.0,2.06
855,Namibe,89.0,AO,1619742989.0,73.0,-15.1961,12.1522,23.58,1.95
856,Jamestown,90.0,US,1619742658.0,100.0,42.097,-79.2353,8.33,4.12
857,Mataura,70.0,NZ,1619742721.0,75.0,-46.1927,168.8643,12.78,7.15
858,Carnarvon,19.0,AU,1619742600.0,83.0,-24.8667,113.6333,22.0,5.66
859,Nikolskoye,0.0,RU,1619742740.0,69.0,59.7035,30.7861,1.0,1.0
860,Hithadhoo,80.0,MV,1619742729.0,71.0,-0.6,73.0833,28.75,3.08
861,Albany,100.0,US,1619742723.0,90.0,42.6001,-73.9662,13.33,0.45
862,Ahuimanu,75.0,US,1619742799.0,61.0,21.4447,-157.8378,28.0,4.63
863,Castro,1.0,BR,1619742771.0,96.0,-24.7911,-50.0119,10.33,2.23
864,Bethel,90.0,US,1619742580.0,77.0,41.3712,-73.414,20.0,4.12
865,Oriximina,53.0,BR,1619743193.0,90.0,-1.7656,-55.8661,24.27,0.77
866,New Norfolk,8.0,AU,1619742736.0,73.0,-42.7826,147.0587,17.78,2.68
867,Hilo,20.0,US,1619742727.0,61.0,19.7297,-155.09,28.0,5.14
868,Pevek,100.0,RU,1619742808.0,87.0,69.7008,170.3133,-6.08,3.61
869,Bluff,28.0,NZ,1619742621.0,75.0,-46.6,168.3333,12.78,7.15
870,Karauzyak,,,,,,,,
871,Maniitsoq,38.0,GL,1619743194.0,78.0,65.4167,-52.9,1.86,2.68
872,Taoudenni,68.0,ML,1619742727.0,24.0,22.6783,-3.9836,31.27,10.6
873,Geraldton,75.0,AU,1619742676.0,77.0,-28.7667,114.6,18.0,5.66
874,Ushuaia,40.0,AR,1619742742.0,65.0,-54.8,-68.3,5.0,2.06
875,Chaoyang,67.0,CN,1619743195.0,14.0,41.5703,120.4586,12.61,2.53
876,Vanavara,84.0,RU,1619743195.0,65.0,60.34,102.2797,3.09,3.08
877,Busselton,22.0,AU,1619742623.0,99.0,-33.65,115.3333,10.56,0.45
878,Coihueco,72.0,CL,1619743196.0,100.0,-36.6167,-71.8333,13.0,1.54
879,Hobart,20.0,AU,1619742632.0,82.0,-42.8794,147.3294,15.56,3.6
880,Cape Town,20.0,ZA,1619742670.0,82.0,-33.9258,18.4232,15.56,3.6
881,Mentok,,,,,,,,
882,Hobart,20.0,AU,1619742632.0,82.0,-42.8794,147.3294,15.56,3.6
883,Taltal,0.0,CL,1619742620.0,79.0,-25.4,-70.4833,17.75,1.59
884,Sakakah,0.0,SA,1619743197.0,17.0,29.9697,40.2064,21.0,1.54
885,Saleaula,,,,,,,,
886,Roebourne,0.0,AU,1619743197.0,25.0,-20.7833,117.1333,30.1,3.07
887,Mys Shmidta,,,,,,,,
888,Nemuro,75.0,JP,1619742745.0,100.0,43.3236,145.575,4.0,6.69
889,Chokurdakh,12.0,RU,1619742605.0,87.0,70.6333,147.9167,-8.31,1.99
890,Zdvinsk,0.0,RU,1619743198.0,69.0,54.7021,78.661,6.2,3.18
891,Atuona,5.0,PF,1619742696.0,68.0,-9.8,-139.0333,26.41,1.97
892,Mataura,70.0,NZ,1619742721.0,75.0,-46.1927,168.8643,12.78,7.15
893,Arraial Do Cabo,40.0,BR,1619742832.0,88.0,-22.9661,-42.0278,22.0,3.09
894,Shingu,20.0,JP,1619742919.0,63.0,33.7333,135.9833,18.0,2.57
895,Kamenskoye,,,,,,,,
896,Los Llanos De Aridane,75.0,ES,1619743181.0,77.0,28.6585,-17.9182,18.0,2.57
897,Hobart,20.0,AU,1619742632.0,82.0,-42.8794,147.3294,15.56,3.6
898,Fort Nelson,75.0,CA,1619743169.0,57.0,58.8053,-122.7002,9.0,1.54
899,Albany,100.0,US,1619742723.0,90.0,42.6001,-73.9662,13.33,0.45
900,Busselton,22.0,AU,1619742623.0,99.0,-33.65,115.3333,10.56,0.45
901,Kloulklubed,75.0,PW,1619743025.0,79.0,7.0419,134.2556,29.0,2.57
902,Buckeye,0.0,US,1619743152.0,14.0,33.3703,-112.5838,33.89,1.34
903,Sechura,2.0,PE,1619742681.0,71.0,-5.5569,-80.8222,21.84,7.6
904,Jamestown,90.0,US,1619742658.0,100.0,42.097,-79.2353,8.33,4.12
905,Hithadhoo,80.0,MV,1619742729.0,71.0,-0.6,73.0833,28.75,3.08
906,Ribeira Grande,100.0,PT,1619742772.0,65.0,38.5167,-28.7,14.25,4.58
907,Sarandi,0.0,BR,1619743200.0,49.0,-23.4436,-51.8739,20.0,4.63
908,East London,100.0,ZA,1619742740.0,81.0,-33.0153,27.9116,17.63,5.42
909,Khatanga,100.0,RU,1619742747.0,93.0,71.9667,102.5,0.11,3.11
910,Rungata,,,,,,,,
911,Kismayo,100.0,SO,1619743200.0,80.0,-0.3582,42.5454,27.3,4.15
912,Airai,16.0,TL,1619742756.0,65.0,-8.9266,125.4092,21.76,1.41
913,Barentsburg,,,,,,,,
914,Ahipara,2.0,NZ,1619743201.0,61.0,-35.1667,173.1667,18.56,2.74
915,Tuktoyaktuk,1.0,CA,1619742726.0,69.0,69.4541,-133.0374,-2.0,6.17
916,Rikitea,89.0,PF,1619742600.0,67.0,-23.1203,-134.9692,24.69,4.78
917,Russell,1.0,US,1619743147.0,69.0,32.3502,-85.1999,24.0,1.55
918,Dingle,9.0,PH,1619742833.0,46.0,10.9995,122.6711,29.58,2.42
919,Barrow,90.0,US,1619742622.0,79.0,71.2906,-156.7887,-6.0,3.6
920,Saint-Philippe,44.0,RE,1619742751.0,78.0,-21.3585,55.7679,24.0,3.6
921,Ponta Do Sol,25.0,PT,1619742800.0,73.0,32.6667,-17.1,12.78,0.45
922,Teknaf,5.0,BD,1619743202.0,79.0,20.8624,92.3058,26.9,1.37
923,Arraial Do Cabo,40.0,BR,1619742832.0,88.0,-22.9661,-42.0278,22.0,3.09
924,Rikitea,89.0,PF,1619742600.0,67.0,-23.1203,-134.9692,24.69,4.78
925,Lavrentiya,35.0,RU,1619742800.0,68.0,65.5833,-171.0,-2.25,2.14
926,Punta Arenas,90.0,CL,1619742734.0,93.0,-53.15,-70.9167,5.0,3.6
927,Cape Town,20.0,ZA,1619742670.0,82.0,-33.9258,18.4232,15.56,3.6
928,Araguacu,100.0,BR,1619743203.0,91.0,-12.9306,-49.8264,22.33,0.41
929,Naze,0.0,JP,1619743204.0,73.0,28.3667,129.4833,22.0,5.14
930,Ostrovnoy,100.0,RU,1619742898.0,82.0,68.0531,39.5131,-3.71,7.36
931,Bethel,90.0,US,1619742580.0,77.0,41.3712,-73.414,20.0,4.12
932,Tiksi,83.0,RU,1619742900.0,81.0,71.6872,128.8694,-0.13,2.64
933,Tautira,40.0,PF,1619743204.0,62.0,-17.7333,-149.15,31.0,2.06
934,Aksu,0.0,CN,1619743205.0,16.0,41.1231,80.2644,19.58,2.73
935,Bluff,28.0,NZ,1619742621.0,75.0,-46.6,168.3333,12.78,7.15
936,Atuona,5.0,PF,1619742696.0,68.0,-9.8,-139.0333,26.41,1.97
937,Tuktoyaktuk,1.0,CA,1619742726.0,69.0,69.4541,-133.0374,-2.0,6.17
938,Ribeira Grande,100.0,PT,1619742772.0,65.0,38.5167,-28.7,14.25,4.58
939,Kharan,86.0,PK,1619743205.0,33.0,28.5833,65.4167,24.96,0.7
940,Sistranda,40.0,NO,1619743206.0,80.0,63.7256,8.834,1.0,2.09
941,Tsihombe,,,,,,,,
942,Sri Aman,40.0,MY,1619743124.0,94.0,1.2376,111.4621,24.0,0.49
943,Hithadhoo,80.0,MV,1619742729.0,71.0,-0.6,73.0833,28.75,3.08
944,Stoyba,,,,,,,,
945,Santiago Del Estero,0.0,AR,1619743206.0,45.0,-27.7951,-64.2615,17.33,3.94
946,Punta Arenas,90.0,CL,1619742734.0,93.0,-53.15,-70.9167,5.0,3.6
947,Saint-Francois,100.0,FR,1619743207.0,93.0,46.4154,3.9054,9.0,1.54
948,Cherskiy,100.0,RU,1619742899.0,85.0,68.75,161.3,-5.81,5.52
949,Saint-Philippe,44.0,RE,1619742751.0,78.0,-21.3585,55.7679,24.0,3.6
950,Hobart,20.0,AU,1619742632.0,82.0,-42.8794,147.3294,15.56,3.6
951,Khilok,100.0,RU,1619743207.0,55.0,51.3674,110.4676,1.16,3.22
952,Port Elizabeth,96.0,ZA,1619742801.0,94.0,-33.918,25.5701,13.89,4.67
953,Cusuna,0.0,HN,1619743208.0,73.0,15.85,-85.2333,26.29,5.6
954,Nikolskoye,0.0,RU,1619742740.0,69.0,59.7035,30.7861,1.0,1.0
955,Torbay,1.0,CA,1619742826.0,81.0,47.6666,-52.7314,3.89,2.57
956,East London,100.0,ZA,1619742740.0,81.0,-33.0153,27.9116,17.63,5.42
957,Bell Ville,0.0,AR,1619743125.0,87.0,-32.6259,-62.6887,14.44,2.24
958,Kracheh,,,,,,,,
959,Fenoarivo,75.0,MG,1619743209.0,94.0,-18.933,47.4354,17.0,3.09
960,Rikitea,89.0,PF,1619742600.0,67.0,-23.1203,-134.9692,24.69,4.78
961,Tuktoyaktuk,1.0,CA,1619742726.0,69.0,69.4541,-133.0374,-2.0,6.17
962,Bredasdorp,0.0,ZA,1619742714.0,87.0,-34.5322,20.0403,8.0,0.51
963,Grand River South East,,,,,,,,
964,Arraial Do Cabo,40.0,BR,1619742832.0,88.0,-22.9661,-42.0278,22.0,3.09
965,Jamestown,90.0,US,1619742658.0,100.0,42.097,-79.2353,8.33,4.12
966,New Norfolk,8.0,AU,1619742736.0,73.0,-42.7826,147.0587,17.78,2.68
967,Mataura,70.0,NZ,1619742721.0,75.0,-46.1927,168.8643,12.78,7.15
968,Albany,100.0,US,1619742723.0,90.0,42.6001,-73.9662,13.33,0.45
969,Ushuaia,40.0,AR,1619742742.0,65.0,-54.8,-68.3,5.0,2.06
970,Maridi,100.0,SS,1619743089.0,98.0,4.9158,29.4742,18.71,1.64
971,Padang,100.0,ID,1619743002.0,88.0,-0.9492,100.3543,25.26,1.36
972,Avera,100.0,US,1619742935.0,65.0,33.194,-82.5271,24.44,3.64
973,Balvi,100.0,LV,1619743211.0,95.0,57.1313,27.2658,4.09,4.0
974,Busselton,22.0,AU,1619742623.0,99.0,-33.65,115.3333,10.56,0.45
975,Provideniya,40.0,RU,1619742864.0,69.0,64.3833,-173.3,1.0,2.0
976,Batticaloa,41.0,LK,1619743010.0,73.0,7.7102,81.6924,27.78,0.5
977,Mys Shmidta,,,,,,,,
978,Hihifo,,,,,,,,
979,Sitka,90.0,US,1619742605.0,81.0,57.0531,-135.33,8.0,4.63
980,Kyshtovka,1.0,RU,1619743211.0,76.0,56.555,76.6271,4.75,4.47
981,Hermanus,50.0,ZA,1619742733.0,93.0,-34.4187,19.2345,9.44,2.19
982,Chupa,100.0,RU,1619742732.0,84.0,66.27,33.0549,-1.21,4.21
983,Srandakan,51.0,ID,1619743159.0,75.0,-7.9386,110.2506,26.92,0.95
984,Tuktoyaktuk,1.0,CA,1619742726.0,69.0,69.4541,-133.0374,-2.0,6.17
985,Busselton,22.0,AU,1619742623.0,99.0,-33.65,115.3333,10.56,0.45
986,Mangrol,100.0,IN,1619743212.0,75.0,21.1167,70.1167,26.69,5.17
987,Altamira,100.0,BR,1619743213.0,88.0,-3.2033,-52.2064,24.17,1.29
988,Illoqqortoormiut,,,,,,,,
989,Nelson Bay,20.0,AU,1619743213.0,77.0,-32.7167,152.15,22.22,2.06
990,Carnarvon,19.0,AU,1619742600.0,83.0,-24.8667,113.6333,22.0,5.66
991,Ribeira Grande,100.0,PT,1619742772.0,65.0,38.5167,-28.7,14.25,4.58
992,Lasa,90.0,IT,1619742722.0,87.0,46.6166,10.7002,8.33,2.06
993,Punta Arenas,90.0,CL,1619742734.0,93.0,-53.15,-70.9167,5.0,3.6
994,Tasiilaq,75.0,GL,1619742619.0,86.0,65.6145,-37.6368,0.0,4.63
995,Ibra,100.0,OM,1619743214.0,37.0,22.6906,58.5334,25.81,0.27
996,Hithadhoo,80.0,MV,1619742729.0,71.0,-0.6,73.0833,28.75,3.08
997,Tuktoyaktuk,1.0,CA,1619742726.0,69.0,69.4541,-133.0374,-2.0,6.17
998,Ushuaia,40.0,AR,1619742742.0,65.0,-54.8,-68.3,5.0,2.06
999,Chokwe,0.0,MZ,1619743215.0,77.0,-24.5333,32.9833,20.27,2.39
1000,Illoqqortoormiut,,,,,,,,
1001,Galesong,20.0,ID,1619742753.0,94.0,-5.3166,119.3661,26.0,1.54
1002,Bafq,100.0,IR,1619743215.0,42.0,31.6128,55.4107,21.68,1.29
1003,Bluff,28.0,NZ,1619742621.0,75.0,-46.6,168.3333,12.78,7.15
1004,Puerto Ayora,14.0,EC,1619742805.0,83.0,-0.7393,-90.3518,24.39,3.47
1005,Hobart,20.0,AU,1619742632.0,82.0,-42.8794,147.3294,15.56,3.6
1006,Atuona,5.0,PF,1619742696.0,68.0,-9.8,-139.0333,26.41,1.97
1007,Staryy Nadym,100.0,RU,1619743216.0,89.0,65.6118,72.6842,-0.34,4.45
1008,Jamestown,90.0,US,1619742658.0,100.0,42.097,-79.2353,8.33,4.12
1009,Urdzhar,,,,,,,,
1010,Taoudenni,68.0,ML,1619742727.0,24.0,22.6783,-3.9836,31.27,10.6
1011,Tuktoyaktuk,1.0,CA,1619742726.0,69.0,69.4541,-133.0374,-2.0,6.17
1012,Rikitea,89.0,PF,1619742600.0,67.0,-23.1203,-134.9692,24.69,4.78
1013,Mount Pleasant,100.0,US,1619743109.0,79.0,32.7941,-79.8626,23.33,0.89
1014,Cape Town,20.0,ZA,1619742670.0,82.0,-33.9258,18.4232,15.56,3.6
1015,Warqla,,,,,,,,
1016,Castro,1.0,BR,1619742771.0,96.0,-24.7911,-50.0119,10.33,2.23
1017,Brooks,100.0,CA,1619743217.0,28.0,50.5834,-111.8851,21.0,3.09
1018,Upernavik,100.0,GL,1619742625.0,65.0,72.7868,-56.1549,-3.4,2.06
1019,Port-Gentil,75.0,GA,1619742743.0,89.0,-0.7193,8.7815,26.0,1.03
1020,Quatre Cocos,75.0,MU,1619743159.0,83.0,-20.2078,57.7625,25.0,5.66
1021,Burnie,64.0,AU,1619743115.0,92.0,-41.0667,145.9167,12.78,0.45
1022,Pevek,100.0,RU,1619742808.0,87.0,69.7008,170.3133,-6.08,3.61
1023,Petropavlovsk-Kamchatskiy,20.0,RU,1619743218.0,66.0,53.0452,158.6483,8.0,2.0
1024,Celestun,31.0,MX,1619743219.0,70.0,20.8667,-90.4,28.41,6.96
1025,Plettenberg Bay,100.0,ZA,1619743091.0,84.0,-34.0527,23.3716,13.99,2.62
1026,Bathsheba,20.0,BB,1619742894.0,65.0,13.2167,-59.5167,25.0,7.72
1027,Vaitupu,,,,,,,,
1028,Busselton,22.0,AU,1619742623.0,99.0,-33.65,115.3333,10.56,0.45
1029,Dasoguz,0.0,TM,1619743219.0,82.0,41.8363,59.9666,14.0,5.14
1030,Bur Gabo,,,,,,,,
1031,Belushya Guba,,,,,,,,
1032,Osakarovka,100.0,KZ,1619743220.0,63.0,50.565,72.5692,6.94,4.07
1033,Jamestown,90.0,US,1619742658.0,100.0,42.097,-79.2353,8.33,4.12
1034,Hermanus,50.0,ZA,1619742733.0,93.0,-34.4187,19.2345,9.44,2.19
1035,Arraial Do Cabo,40.0,BR,1619742832.0,88.0,-22.9661,-42.0278,22.0,3.09
1036,Rikitea,89.0,PF,1619742600.0,67.0,-23.1203,-134.9692,24.69,4.78
1037,Rikitea,89.0,PF,1619742600.0,67.0,-23.1203,-134.9692,24.69,4.78
1038,Klyuchi,97.0,RU,1619743221.0,66.0,52.2667,79.1667,10.19,2.46
1039,Busselton,22.0,AU,1619742623.0,99.0,-33.65,115.3333,10.56,0.45
1040,Megion,75.0,RU,1619743221.0,100.0,61.0296,76.1136,2.0,3.0
1041,Agadez,0.0,NE,1619743221.0,6.0,19.75,10.25,28.36,3.4
1042,Codrington,0.0,AU,1619742780.0,44.0,-38.2667,141.9667,20.65,4.74
1043,Novoukrainskiy,16.0,RU,1619743222.0,87.0,44.8969,38.0522,13.33,2.0
1044,Cape Town,20.0,ZA,1619742670.0,82.0,-33.9258,18.4232,15.56,3.6
1045,Dolbeau,,,,,,,,
1046,Trat,80.0,TH,1619743222.0,99.0,12.5,102.5,27.78,1.97
1047,Cayenne,0.0,GF,1619743223.0,94.0,4.9333,-52.3333,25.0,1.59
1048,Pevek,100.0,RU,1619742808.0,87.0,69.7008,170.3133,-6.08,3.61
1049,Airai,16.0,TL,1619742756.0,65.0,-8.9266,125.4092,21.76,1.41
1050,Upernavik,100.0,GL,1619742625.0,65.0,72.7868,-56.1549,-3.4,2.06
1051,Bredasdorp,0.0,ZA,1619742714.0,87.0,-34.5322,20.0403,8.0,0.51
1052,Locri,2.0,IT,1619743223.0,77.0,38.2414,16.2623,18.89,1.54
1053,Keta,20.0,GH,1619743224.0,83.0,5.9179,0.9879,28.0,2.57
1054,Kontagora,96.0,NG,1619743224.0,42.0,10.3999,5.4695,28.14,2.5
1055,Bredasdorp,0.0,ZA,1619742714.0,87.0,-34.5322,20.0403,8.0,0.51
1056,Egvekinot,22.0,RU,1619743157.0,74.0,66.3167,-179.1667,-3.89,0.91
1057,Bobonong,,,,,,,,
1058,Burnie,64.0,AU,1619743115.0,92.0,-41.0667,145.9167,12.78,0.45
1059,Mar Del Plata,0.0,AR,1619742749.0,72.0,-38.0023,-57.5575,18.0,6.17
1060,Jamestown,90.0,US,1619742658.0,100.0,42.097,-79.2353,8.33,4.12
1061,Caravelas,94.0,BR,1619742851.0,69.0,-17.7125,-39.2481,24.92,4.96
1062,Alice Springs,0.0,AU,1619743225.0,30.0,-23.7,133.8833,19.0,2.06
1063,New Norfolk,8.0,AU,1619742736.0,73.0,-42.7826,147.0587,17.78,2.68
1064,Maniitsoq,38.0,GL,1619743194.0,78.0,65.4167,-52.9,1.86,2.68
1065,Avarua,75.0,CK,1619742697.0,83.0,-21.2078,-159.775,28.0,4.63
1066,Saint-Philippe,44.0,RE,1619742751.0,78.0,-21.3585,55.7679,24.0,3.6
1067,Provideniya,40.0,RU,1619742864.0,69.0,64.3833,-173.3,1.0,2.0
1068,Faanui,100.0,PF,1619742743.0,72.0,-16.4833,-151.75,27.68,3.31
1069,Ushuaia,40.0,AR,1619742742.0,65.0,-54.8,-68.3,5.0,2.06
1070,Rikitea,89.0,PF,1619742600.0,67.0,-23.1203,-134.9692,24.69,4.78
1071,Puerto Colombia,20.0,CO,1619743226.0,78.0,10.9878,-74.9547,27.0,4.12
1072,Jamestown,90.0,US,1619742658.0,100.0,42.097,-79.2353,8.33,4.12
1073,Mocuba,30.0,MZ,1619742714.0,98.0,-16.8392,36.9856,21.1,1.18
1074,Malwan,,,,,,,,
1075,Ocampo,92.0,MX,1619743170.0,50.0,21.65,-101.5,31.67,7.11
1076,Shimoda,20.0,JP,1619742671.0,63.0,34.6667,138.95,21.11,7.2
1077,Mataura,70.0,NZ,1619742721.0,75.0,-46.1927,168.8643,12.78,7.15
1078,Severo-Kurilsk,19.0,RU,1619742821.0,81.0,50.6789,156.125,3.59,2.45
1079,Qandala,71.0,SO,1619743227.0,71.0,11.472,49.8728,29.15,3.75
1080,Vengerovo,0.0,RU,1619743228.0,69.0,55.6848,76.7471,5.47,4.14
1081,New Norfolk,8.0,AU,1619742736.0,73.0,-42.7826,147.0587,17.78,2.68
1082,Port Alfred,100.0,ZA,1619742797.0,72.0,-33.5906,26.891,17.32,6.34
1083,Tuktoyaktuk,1.0,CA,1619742726.0,69.0,69.4541,-133.0374,-2.0,6.17
1084,Fukuma,75.0,JP,1619743229.0,60.0,33.7667,130.4667,20.0,5.66
1085,Yellowknife,75.0,CA,1619742726.0,59.0,62.456,-114.3525,-1.67,6.17
1086,Jamestown,90.0,US,1619742658.0,100.0,42.097,-79.2353,8.33,4.12
1087,Vaini,90.0,TO,1619742771.0,100.0,-21.2,-175.2,24.0,3.6
1088,Hobart,20.0,AU,1619742632.0,82.0,-42.8794,147.3294,15.56,3.6
1089,Port Hardy,90.0,CA,1619742934.0,87.0,50.6996,-127.4199,12.0,2.57
1090,Lewistown,100.0,US,1619742888.0,88.0,40.5992,-77.5714,19.44,3.58
1091,Raudeberg,13.0,NO,1619743229.0,77.0,61.9875,5.1352,4.44,7.45
1092,Hobart,20.0,AU,1619742632.0,82.0,-42.8794,147.3294,15.56,3.6
1093,Dingle,9.0,PH,1619742833.0,46.0,10.9995,122.6711,29.58,2.42
1094,Busselton,22.0,AU,1619742623.0,99.0,-33.65,115.3333,10.56,0.45
1095,Kodiak,90.0,US,1619742847.0,81.0,57.79,-152.4072,5.0,3.09
1096,Arraial Do Cabo,40.0,BR,1619742832.0,88.0,-22.9661,-42.0278,22.0,3.09
1097,Punta Arenas,90.0,CL,1619742734.0,93.0,-53.15,-70.9167,5.0,3.6
1098,Samusu,,,,,,,,
1099,Santa Cruz,3.0,BO,1619743231.0,51.0,-17.8,-63.1667,18.28,2.15
1100,Paracuru,40.0,BR,1619743231.0,78.0,-3.41,-39.0306,27.0,1.54
1101,Constantine,0.0,DZ,1619743231.0,76.0,36.365,6.6147,13.0,2.57
1102,Tuktoyaktuk,1.0,CA,1619742726.0,69.0,69.4541,-133.0374,-2.0,6.17
1103,Lebu,100.0,CL,1619742835.0,94.0,-37.6167,-73.65,12.83,3.42
1104,Dikson,71.0,RU,1619742794.0,95.0,73.5069,80.5464,-15.71,3.23
1105,Sur,100.0,OM,1619743232.0,41.0,22.5667,59.5289,29.52,1.73
1106,Hobart,20.0,AU,1619742632.0,82.0,-42.8794,147.3294,15.56,3.6
1107,Tasiilaq,75.0,GL,1619742619.0,86.0,65.6145,-37.6368,0.0,4.63
1108,Butaritari,100.0,KI,1619742717.0,72.0,3.0707,172.7902,28.94,6.16
1109,Tocopilla,0.0,CL,1619743232.0,67.0,-22.092,-70.1979,19.78,3.75
1110,Rikitea,89.0,PF,1619742600.0,67.0,-23.1203,-134.9692,24.69,4.78
1111,Vaini,90.0,TO,1619742771.0,100.0,-21.2,-175.2,24.0,3.6
1112,Port Alfred,100.0,ZA,1619742797.0,72.0,-33.5906,26.891,17.32,6.34
1113,Punta Arenas,90.0,CL,1619742734.0,93.0,-53.15,-70.9167,5.0,3.6
1114,Canaries,75.0,ES,1619743233.0,82.0,28.0,-15.5,19.44,1.54
1115,Barrow,90.0,US,1619742622.0,79.0,71.2906,-156.7887,-6.0,3.6
1116,Chakrata,0.0,IN,1619743234.0,43.0,30.7,77.85,12.69,3.1
1117,Illoqqortoormiut,,,,,,,,
1118,Komsomolskiy,0.0,UZ,1619742725.0,30.0,40.4272,71.7189,19.0,4.12
1119,Kaitangata,85.0,NZ,1619742897.0,53.0,-46.2817,169.8464,14.44,8.05
1120,Calipan,88.0,MX,1619743234.0,56.0,18.2958,-97.1667,27.34,3.42
1121,Monrovia,75.0,LR,1619743235.0,94.0,6.3005,-10.7969,26.0,2.35
1122,Hermanus,50.0,ZA,1619742733.0,93.0,-34.4187,19.2345,9.44,2.19
1123,Hobart,20.0,AU,1619742632.0,82.0,-42.8794,147.3294,15.56,3.6
1124,Vaini,90.0,TO,1619742771.0,100.0,-21.2,-175.2,24.0,3.6
1125,Bardiyah,32.0,LY,1619743235.0,32.0,31.7561,25.0865,24.37,4.67
1126,Cape Town,20.0,ZA,1619742670.0,82.0,-33.9258,18.4232,15.56,3.6
1127,Rikitea,89.0,PF,1619742600.0,67.0,-23.1203,-134.9692,24.69,4.78
1128,Nikolskoye,0.0,RU,1619742740.0,69.0,59.7035,30.7861,1.0,1.0
1129,Tuktoyaktuk,1.0,CA,1619742726.0,69.0,69.4541,-133.0374,-2.0,6.17
1130,Kapaa,20.0,US,1619742732.0,61.0,22.0752,-159.319,26.0,6.17
1131,Bambous Virieux,75.0,MU,1619742860.0,83.0,-20.3428,57.7575,25.0,5.66
1132,Medina,0.0,SA,1619743236.0,8.0,24.4686,39.6142,30.0,2.06
1133,Arraial Do Cabo,40.0,BR,1619742832.0,88.0,-22.9661,-42.0278,22.0,3.09
1134,Tiksi,83.0,RU,1619742900.0,81.0,71.6872,128.8694,-0.13,2.64
1135,Grindavik,90.0,IS,1619742551.0,75.0,63.8424,-22.4338,5.0,0.51
1136,Charters Towers,90.0,AU,1619742815.0,57.0,-20.1,146.2667,23.91,4.41
1137,Hobyo,92.0,SO,1619743077.0,69.0,5.3505,48.5268,28.99,2.68
1138,Ushuaia,40.0,AR,1619742742.0,65.0,-54.8,-68.3,5.0,2.06
1139,Constitucion,18.0,CL,1619742862.0,87.0,-35.3333,-72.4167,12.77,0.76
1140,Jiupu,3.0,CN,1619743237.0,41.0,41.0667,122.95,12.19,2.82
1141,Alofi,75.0,NU,1619742844.0,79.0,-19.0595,-169.9187,29.0,2.57
1142,Muros,5.0,ES,1619742722.0,88.0,42.7762,-9.0603,7.78,4.43
1143,Bilma,0.0,NE,1619742947.0,7.0,18.6853,12.9164,29.37,4.38
1144,Barentsburg,,,,,,,,
1145,Temiscaming,100.0,CA,1619743238.0,71.0,46.7212,-79.0971,13.0,0.51
1146,Busselton,22.0,AU,1619742623.0,99.0,-33.65,115.3333,10.56,0.45
1147,Hobart,20.0,AU,1619742632.0,82.0,-42.8794,147.3294,15.56,3.6
1148,Kuusamo,90.0,FI,1619743239.0,80.0,65.9667,29.1833,-2.0,4.63
1149,Punta Arenas,90.0,CL,1619742734.0,93.0,-53.15,-70.9167,5.0,3.6
1150,Lompoc,8.0,US,1619742845.0,77.0,34.6391,-120.4579,18.89,7.2
1151,Codajas,70.0,BR,1619743239.0,97.0,-3.8367,-62.0569,22.96,0.6
1152,Cabo San Lucas,1.0,MX,1619742670.0,36.0,22.8909,-109.9124,26.11,6.17
1153,Caucaia,40.0,BR,1619743240.0,78.0,-3.7361,-38.6531,27.0,1.54
1154,Boyuibe,0.0,BO,1619743240.0,67.0,-20.4167,-63.2833,14.35,1.63
1155,Baoqing,100.0,CN,1619743240.0,35.0,46.3317,132.2111,13.75,3.32
1156,Chuy,0.0,UY,1619742754.0,78.0,-33.6971,-53.4616,13.58,1.49
1157,Somanda,83.0,TZ,1619743241.0,88.0,-3.3667,33.95,18.02,2.25
1158,Port Elizabeth,96.0,ZA,1619742801.0,94.0,-33.918,25.5701,13.89,4.67
1159,Culiacancito,1.0,MX,1619743241.0,32.0,24.8247,-107.5331,30.0,5.14
1160,Attawapiskat,,,,,,,,
1161,Mataura,70.0,NZ,1619742721.0,75.0,-46.1927,168.8643,12.78,7.15
1162,Ushuaia,40.0,AR,1619742742.0,65.0,-54.8,-68.3,5.0,2.06
1163,Chuncheng,99.0,CN,1619743242.0,57.0,22.1731,111.7886,26.67,0.28
1164,Rikitea,89.0,PF,1619742600.0,67.0,-23.1203,-134.9692,24.69,4.78
1165,Rikitea,89.0,PF,1619742600.0,67.0,-23.1203,-134.9692,24.69,4.78
1166,Bredasdorp,0.0,ZA,1619742714.0,87.0,-34.5322,20.0403,8.0,0.51
1167,Lazaro Cardenas,100.0,MX,1619742851.0,76.0,17.9583,-102.2,25.96,4.13
1168,Gorontalo,85.0,ID,1619743088.0,62.0,0.5412,123.0595,30.68,0.61
1169,Bambous Virieux,75.0,MU,1619742860.0,83.0,-20.3428,57.7575,25.0,5.66
1170,Mataura,70.0,NZ,1619742721.0,75.0,-46.1927,168.8643,12.78,7.15
1171,Mataura,70.0,NZ,1619742721.0,75.0,-46.1927,168.8643,12.78,7.15
1172,Samusu,,,,,,,,
1173,Lompoc,8.0,US,1619742845.0,77.0,34.6391,-120.4579,18.89,7.2
1174,Tsihombe,,,,,,,,
1175,Rikitea,89.0,PF,1619742600.0,67.0,-23.1203,-134.9692,24.69,4.78
1176,Berdigestyakh,96.0,RU,1619743244.0,83.0,62.0989,126.6992,1.37,2.0
1177,Barentsburg,,,,,,,,
1178,Harper,100.0,LR,1619743169.0,82.0,4.375,-7.7169,26.68,2.6
1179,Cumaribo,,,,,,,,
1180,Moron,0.0,AR,1619743244.0,79.0,-34.6534,-58.6198,17.78,0.45
1181,Paamiut,0.0,GL,1619742766.0,86.0,61.994,-49.6678,2.22,1.04
1182,Vaitupu,,,,,,,,
1183,Vaini,90.0,TO,1619742771.0,100.0,-21.2,-175.2,24.0,3.6
1184,Oriximina,53.0,BR,1619743193.0,90.0,-1.7656,-55.8661,24.27,0.77
1185,Yellowknife,75.0,CA,1619742726.0,59.0,62.456,-114.3525,-1.67,6.17
1186,Manyana,22.0,BW,1619743245.0,73.0,-23.4,21.7167,15.55,2.5
1187,Babanusah,,,,,,,,
1188,Ushuaia,40.0,AR,1619742742.0,65.0,-54.8,-68.3,5.0,2.06
1189,Aswan,1.0,EG,1619743246.0,13.0,24.0934,32.907,28.77,4.06
1190,Arraial Do Cabo,40.0,BR,1619742832.0,88.0,-22.9661,-42.0278,22.0,3.09
1191,Vila Velha,75.0,BR,1619742810.0,83.0,-20.3297,-40.2925,22.0,5.14
1192,Puerto Ayora,14.0,EC,1619742805.0,83.0,-0.7393,-90.3518,24.39,3.47
1193,Beringovskiy,52.0,RU,1619742708.0,74.0,63.05,179.3167,-1.34,2.41
1194,Fortuna,1.0,US,1619742945.0,51.0,40.5982,-124.1573,18.33,6.69
1195,Avarua,75.0,CK,1619742697.0,83.0,-21.2078,-159.775,28.0,4.63
1196,Jamestown,90.0,US,1619742658.0,100.0,42.097,-79.2353,8.33,4.12
1197,Punta Arenas,90.0,CL,1619742734.0,93.0,-53.15,-70.9167,5.0,3.6
1198,Hilo,20.0,US,1619742727.0,61.0,19.7297,-155.09,28.0,5.14
1199,Tiksi,83.0,RU,1619742900.0,81.0,71.6872,128.8694,-0.13,2.64
1200,Mar Del Plata,0.0,AR,1619742749.0,72.0,-38.0023,-57.5575,18.0,6.17
1201,Puerto Ayora,14.0,EC,1619742805.0,83.0,-0.7393,-90.3518,24.39,3.47
1202,Barentsburg,,,,,,,,
1203,Ushuaia,40.0,AR,1619742742.0,65.0,-54.8,-68.3,5.0,2.06
1204,Longyearbyen,40.0,SJ,1619742882.0,68.0,78.2186,15.6401,-7.0,5.14
1205,Rikitea,89.0,PF,1619742600.0,67.0,-23.1203,-134.9692,24.69,4.78
1206,Mataura,70.0,NZ,1619742721.0,75.0,-46.1927,168.8643,12.78,7.15
1207,Brae,53.0,GB,1619743045.0,87.0,60.3964,-1.353,3.0,4.12
1208,Thompson,20.0,CA,1619742787.0,40.0,55.7435,-97.8558,1.0,7.2
1209,Zaprudnya,0.0,RU,1619743248.0,70.0,56.5667,37.4333,5.0,3.0
1210,San Patricio,40.0,US,1619742853.0,83.0,28.017,-97.5169,27.22,4.12
1211,Puerto Ayora,14.0,EC,1619742805.0,83.0,-0.7393,-90.3518,24.39,3.47
1212,Clyde River,90.0,CA,1619743123.0,100.0,70.4692,-68.5914,-4.0,5.66
1213,Yellowknife,75.0,CA,1619742726.0,59.0,62.456,-114.3525,-1.67,6.17
1214,Kununurra,0.0,AU,1619742955.0,39.0,-15.7667,128.7333,29.0,3.09
1215,Saldanha,0.0,ZA,1619742924.0,71.0,-33.0117,17.9442,13.0,4.12
1216,Kaoma,17.0,ZM,1619743249.0,92.0,-14.7833,24.8,16.47,2.16
1217,Port Elizabeth,96.0,ZA,1619742801.0,94.0,-33.918,25.5701,13.89,4.67
1218,Souillac,75.0,MU,1619742874.0,83.0,-20.5167,57.5167,25.0,5.66
1219,Lolua,,,,,,,,
1220,Urozhaynoye,100.0,RU,1619743250.0,85.0,44.7883,44.9228,12.54,4.03
1221,Cape Town,20.0,ZA,1619742670.0,82.0,-33.9258,18.4232,15.56,3.6
1222,Jamestown,90.0,US,1619742658.0,100.0,42.097,-79.2353,8.33,4.12
1223,Khatanga,100.0,RU,1619742747.0,93.0,71.9667,102.5,0.11,3.11
1224,San Quintin,0.0,MX,1619742860.0,63.0,30.4833,-115.95,19.75,4.25
1225,Samusu,,,,,,,,
1226,Cherskiy,100.0,RU,1619742899.0,85.0,68.75,161.3,-5.81,5.52
1227,Marcona,,,,,,,,
1228,Bluff,28.0,NZ,1619742621.0,75.0,-46.6,168.3333,12.78,7.15
1229,Sovetskaya Gavan,100.0,RU,1619743251.0,95.0,48.9723,140.2878,1.67,3.91
1230,Okhotsk,84.0,RU,1619742730.0,76.0,59.3833,143.3,3.44,0.52
1231,Punta Arenas,90.0,CL,1619742734.0,93.0,-53.15,-70.9167,5.0,3.6
1232,East London,100.0,ZA,1619742740.0,81.0,-33.0153,27.9116,17.63,5.42
1233,Bredasdorp,0.0,ZA,1619742714.0,87.0,-34.5322,20.0403,8.0,0.51
1234,Tyup,0.0,KG,1619743252.0,37.0,42.7276,78.3648,13.04,1.0
1235,Labuhan,31.0,ID,1619742941.0,78.0,-6.8844,112.2051,27.09,2.65
1236,Asilah,0.0,MA,1619743252.0,4.0,35.465,-6.0348,12.0,1.03
1237,Qaanaaq,100.0,GL,1619742741.0,65.0,77.484,-69.3632,-2.95,4.17
1238,Ashtabula,90.0,US,1619743253.0,93.0,41.7001,-80.7665,9.44,4.63
1239,Dese,98.0,ET,1619743253.0,84.0,11.1333,39.6333,13.2,0.45
1240,Attawapiskat,,,,,,,,
1241,Provideniya,40.0,RU,1619742864.0,69.0,64.3833,-173.3,1.0,2.0
1242,Kaitangata,85.0,NZ,1619742897.0,53.0,-46.2817,169.8464,14.44,8.05
1243,Iqaluit,90.0,CA,1619742921.0,100.0,63.7506,-68.5145,0.0,2.57
1244,Santa Fe,0.0,AR,1619743067.0,68.0,-31.6333,-60.7,17.78,0.89
1245,Airai,16.0,TL,1619742756.0,65.0,-8.9266,125.4092,21.76,1.41
1246,Puerto Ayora,14.0,EC,1619742805.0,83.0,-0.7393,-90.3518,24.39,3.47
1247,Rikitea,89.0,PF,1619742600.0,67.0,-23.1203,-134.9692,24.69,4.78
1248,Port Alfred,100.0,ZA,1619742797.0,72.0,-33.5906,26.891,17.32,6.34
1249,Cape Town,20.0,ZA,1619742670.0,82.0,-33.9258,18.4232,15.56,3.6
1250,Rikitea,89.0,PF,1619742600.0,67.0,-23.1203,-134.9692,24.69,4.78
1251,Nizhneyansk,,,,,,,,
1252,Northam,68.0,GB,1619743255.0,83.0,51.0333,-4.2167,2.78,0.45
1253,Maniitsoq,38.0,GL,1619743194.0,78.0,65.4167,-52.9,1.86,2.68
1254,Ushuaia,40.0,AR,1619742742.0,65.0,-54.8,-68.3,5.0,2.06
1255,Labytnangi,100.0,RU,1619743255.0,96.0,66.6572,66.4183,-3.45,1.93
1256,Albany,100.0,US,1619742723.0,90.0,42.6001,-73.9662,13.33,0.45
1257,Hauterive,90.0,FR,1619742676.0,81.0,46.0901,3.4459,9.0,1.54
1258,George,90.0,ZA,1619743256.0,94.0,-33.963,22.4617,13.0,2.57
1259,Bethel,90.0,US,1619742580.0,77.0,41.3712,-73.414,20.0,4.12
1260,Port Elizabeth,96.0,ZA,1619742801.0,94.0,-33.918,25.5701,13.89,4.67
1261,Hilo,20.0,US,1619742727.0,61.0,19.7297,-155.09,28.0,5.14
1262,Nelson Bay,20.0,AU,1619743213.0,77.0,-32.7167,152.15,22.22,2.06
1263,Arraial Do Cabo,40.0,BR,1619742832.0,88.0,-22.9661,-42.0278,22.0,3.09
1264,San Patricio,40.0,US,1619742853.0,83.0,28.017,-97.5169,27.22,4.12
1265,Port Elizabeth,96.0,ZA,1619742801.0,94.0,-33.918,25.5701,13.89,4.67
1266,Hermanus,50.0,ZA,1619742733.0,93.0,-34.4187,19.2345,9.44,2.19
1267,Hobart,20.0,AU,1619742632.0,82.0,-42.8794,147.3294,15.56,3.6
1268,Qaanaaq,100.0,GL,1619742741.0,65.0,77.484,-69.3632,-2.95,4.17
1269,Shingu,20.0,JP,1619742919.0,63.0,33.7333,135.9833,18.0,2.57
1270,Dunda,97.0,TZ,1619743257.0,86.0,-8.1167,34.25,18.1,0.78
1271,Atuona,5.0,PF,1619742696.0,68.0,-9.8,-139.0333,26.41,1.97
1272,Matveyev Kurgan,100.0,RU,1619743258.0,73.0,47.5645,38.8695,11.27,5.02
1273,Vaitupu,,,,,,,,
1274,Port-Cartier,75.0,CA,1619743176.0,70.0,50.0334,-66.8654,7.22,1.42
1275,Souillac,75.0,MU,1619742874.0,83.0,-20.5167,57.5167,25.0,5.66
1276,Shaowu,0.0,CN,1619743258.0,55.0,27.3409,117.4831,22.77,1.39
1277,San-Pedro,100.0,CI,1619743259.0,85.0,4.7485,-6.6363,26.11,1.95
1278,Avarua,75.0,CK,1619742697.0,83.0,-21.2078,-159.775,28.0,4.63
1279,Boromlya,100.0,UA,1619743259.0,69.0,50.6184,34.9704,7.5,3.3
1280,Dikson,71.0,RU,1619742794.0,95.0,73.5069,80.5464,-15.71,3.23
1281,Ambilobe,29.0,MG,1619742682.0,91.0,-13.2,49.05,22.27,1.26
1282,Upernavik,100.0,GL,1619742625.0,65.0,72.7868,-56.1549,-3.4,2.06
1283,Amderma,,,,,,,,
1284,Cape Town,20.0,ZA,1619742670.0,82.0,-33.9258,18.4232,15.56,3.6
1285,Ucluelet,90.0,CA,1619742523.0,93.0,48.9329,-125.5528,11.67,5.14
1286,Vao,100.0,NC,1619742904.0,54.0,-22.6667,167.4833,24.1,9.18
1287,Rikitea,89.0,PF,1619742600.0,67.0,-23.1203,-134.9692,24.69,4.78
1288,Yangmei,70.0,CN,1619743260.0,58.0,24.1023,112.5618,22.47,0.78
1289,Rikitea,89.0,PF,1619742600.0,67.0,-23.1203,-134.9692,24.69,4.78
1290,Albany,100.0,US,1619742723.0,90.0,42.6001,-73.9662,13.33,0.45
1291,Burnie,64.0,AU,1619743115.0,92.0,-41.0667,145.9167,12.78,0.45
1292,Rikitea,89.0,PF,1619742600.0,67.0,-23.1203,-134.9692,24.69,4.78
1293,Vaitupu,,,,,,,,
1294,Hermanus,50.0,ZA,1619742733.0,93.0,-34.4187,19.2345,9.44,2.19
1295,Bambanglipuro,55.0,ID,1619743261.0,76.0,-7.95,110.2833,26.82,0.88
1296,Kapaa,20.0,US,1619742732.0,61.0,22.0752,-159.319,26.0,6.17
1297,Angoche,10.0,MZ,1619743262.0,87.0,-16.2325,39.9086,24.56,1.18
1298,Chagda,,,,,,,,
1299,Thompson,20.0,CA,1619742787.0,40.0,55.7435,-97.8558,1.0,7.2
1300,Bereda,87.0,ES,1619743262.0,99.0,43.2686,-7.5406,7.22,0.89
1301,Hobart,20.0,AU,1619742632.0,82.0,-42.8794,147.3294,15.56,3.6
1302,Ushuaia,40.0,AR,1619742742.0,65.0,-54.8,-68.3,5.0,2.06
1303,Jamestown,90.0,US,1619742658.0,100.0,42.097,-79.2353,8.33,4.12
1304,Punta Arenas,90.0,CL,1619742734.0,93.0,-53.15,-70.9167,5.0,3.6
1305,Hobart,20.0,AU,1619742632.0,82.0,-42.8794,147.3294,15.56,3.6
1306,Cape Town,20.0,ZA,1619742670.0,82.0,-33.9258,18.4232,15.56,3.6
1307,Ushuaia,40.0,AR,1619742742.0,65.0,-54.8,-68.3,5.0,2.06
1308,Sao Filipe,100.0,CV,1619742887.0,76.0,14.8961,-24.4956,22.74,2.95
1309,Cap Malheureux,17.0,MU,1619743263.0,92.0,-19.9842,57.6142,23.33,2.68
1310,Pevek,100.0,RU,1619742808.0,87.0,69.7008,170.3133,-6.08,3.61
1311,Borba,99.0,BR,1619743264.0,98.0,-4.3878,-59.5939,23.31,0.32
1312,Ternate,67.0,ID,1619743264.0,68.0,0.8,127.4,28.86,0.42
1313,Jacksonville,75.0,US,1619743201.0,48.0,30.3322,-81.6556,29.0,6.17
1314,Suntar,92.0,RU,1619743265.0,66.0,62.1444,117.6319,2.23,2.78
1315,Rikitea,89.0,PF,1619742600.0,67.0,-23.1203,-134.9692,24.69,4.78
1316,Mehamn,100.0,NO,1619743265.0,61.0,71.0357,27.8492,-1.93,9.09
1317,Ambilobe,29.0,MG,1619742682.0,91.0,-13.2,49.05,22.27,1.26
1318,Siocon,71.0,PH,1619743265.0,72.0,7.7061,122.1353,29.16,0.77
1319,Sainte-Anne-Des-Monts,68.0,CA,1619743266.0,75.0,49.124,-66.4924,6.0,2.06
1320,Broome,90.0,US,1619742962.0,94.0,42.2506,-75.833,14.44,5.14
1321,Aranos,3.0,NA,1619743266.0,58.0,-24.1333,19.1167,15.68,2.92
1322,Lazaro Cardenas,100.0,MX,1619742851.0,76.0,17.9583,-102.2,25.96,4.13
1323,Lagoa,100.0,PT,1619742846.0,62.0,39.05,-27.9833,13.73,2.76
1324,Ribeira Grande,100.0,PT,1619742772.0,65.0,38.5167,-28.7,14.25,4.58
1325,Moba,0.0,CN,1619743267.0,45.0,33.2288,105.0179,15.52,1.44
1326,Broken Hill,0.0,AU,1619743267.0,28.0,-31.95,141.4333,22.0,4.12
1327,Mar Del Plata,0.0,AR,1619742749.0,72.0,-38.0023,-57.5575,18.0,6.17
1328,Kapaa,20.0,US,1619742732.0,61.0,22.0752,-159.319,26.0,6.17
1329,Krasnoselkup,100.0,RU,1619743130.0,94.0,65.7,82.4667,-0.15,7.65
1330,Mar Del Plata,0.0,AR,1619742749.0,72.0,-38.0023,-57.5575,18.0,6.17
1331,Hobart,20.0,AU,1619742632.0,82.0,-42.8794,147.3294,15.56,3.6
1332,Moindou,75.0,NC,1619743268.0,57.0,-21.6924,165.677,26.0,1.54
1333,Kapaa,20.0,US,1619742732.0,61.0,22.0752,-159.319,26.0,6.17
1334,Ushuaia,40.0,AR,1619742742.0,65.0,-54.8,-68.3,5.0,2.06
1335,Pisco,0.0,PE,1619742866.0,83.0,-13.7,-76.2167,20.0,2.57
1336,Chokurdakh,12.0,RU,1619742605.0,87.0,70.6333,147.9167,-8.31,1.99
1337,Hilo,20.0,US,1619742727.0,61.0,19.7297,-155.09,28.0,5.14
1338,Shitanjing,0.0,CN,1619743269.0,33.0,39.2342,106.3439,10.78,8.96
1339,Butaritari,100.0,KI,1619742717.0,72.0,3.0707,172.7902,28.94,6.16
1340,Illoqqortoormiut,,,,,,,,
1341,Nioro,32.0,GM,1619743157.0,33.0,13.35,-15.75,25.68,4.6
1342,Vila Velha,75.0,BR,1619742810.0,83.0,-20.3297,-40.2925,22.0,5.14
1343,Louisbourg,,,,,,,,
1344,Lompoc,8.0,US,1619742845.0,77.0,34.6391,-120.4579,18.89,7.2
1345,Ushuaia,40.0,AR,1619742742.0,65.0,-54.8,-68.3,5.0,2.06
1346,San Carlos,100.0,VE,1619743204.0,97.0,9.6612,-68.5827,21.45,0.87
1347,San Patricio,40.0,US,1619742853.0,83.0,28.017,-97.5169,27.22,4.12
1348,Bluff,28.0,NZ,1619742621.0,75.0,-46.6,168.3333,12.78,7.15
1349,Tasiilaq,75.0,GL,1619742619.0,86.0,65.6145,-37.6368,0.0,4.63
1350,Vaini,90.0,TO,1619742771.0,100.0,-21.2,-175.2,24.0,3.6
1351,Bengkulu,100.0,ID,1619742875.0,91.0,-3.8004,102.2655,24.13,2.07
1352,Caravelas,94.0,BR,1619742851.0,69.0,-17.7125,-39.2481,24.92,4.96
1353,Punta Arenas,90.0,CL,1619742734.0,93.0,-53.15,-70.9167,5.0,3.6
1354,Hobart,20.0,AU,1619742632.0,82.0,-42.8794,147.3294,15.56,3.6
1355,Busselton,22.0,AU,1619742623.0,99.0,-33.65,115.3333,10.56,0.45
1356,Illoqqortoormiut,,,,,,,,
1357,Georgetown,20.0,MY,1619742613.0,88.0,5.4112,100.3354,27.0,2.06
1358,Hami,3.0,CN,1619742868.0,15.0,42.8,93.45,21.77,3.76
1359,Mahebourg,75.0,MU,1619742950.0,83.0,-20.4081,57.7,25.0,5.66
1360,Ponta Do Sol,25.0,PT,1619742800.0,73.0,32.6667,-17.1,12.78,0.45
1361,Leningradskiy,99.0,RU,1619742869.0,82.0,69.3833,178.4167,-3.01,7.48
1362,Makakilo City,90.0,US,1619742755.0,54.0,21.3469,-158.0858,28.0,3.6
1363,Bengkulu,100.0,ID,1619742875.0,91.0,-3.8004,102.2655,24.13,2.07
1364,Qaanaaq,100.0,GL,1619742741.0,65.0,77.484,-69.3632,-2.95,4.17
1365,Tasiilaq,75.0,GL,1619742619.0,86.0,65.6145,-37.6368,0.0,4.63
1366,Vaini,90.0,TO,1619742771.0,100.0,-21.2,-175.2,24.0,3.6
1367,Sitka,90.0,US,1619742605.0,81.0,57.0531,-135.33,8.0,4.63
1368,Tuktoyaktuk,1.0,CA,1619742726.0,69.0,69.4541,-133.0374,-2.0,6.17
1369,Cape Town,20.0,ZA,1619742670.0,82.0,-33.9258,18.4232,15.56,3.6
1370,Garowe,100.0,SO,1619742824.0,78.0,8.4054,48.4845,25.04,3.0
1371,Kiama,0.0,AU,1619743273.0,84.0,-34.6833,150.8667,21.11,0.45
1372,Albany,100.0,US,1619742723.0,90.0,42.6001,-73.9662,13.33,0.45
1373,Tiksi,83.0,RU,1619742900.0,81.0,71.6872,128.8694,-0.13,2.64
1374,Guerrero Negro,0.0,MX,1619742879.0,59.0,27.9769,-114.0611,19.82,7.89
1375,Norman Wells,20.0,CA,1619742807.0,31.0,65.282,-126.8329,8.0,2.57
1376,Vaini,90.0,TO,1619742771.0,100.0,-21.2,-175.2,24.0,3.6
1377,Springbok,0.0,ZA,1619743274.0,79.0,-29.6643,17.8865,7.52,1.76
1378,Touros,20.0,BR,1619742840.0,94.0,-5.1989,-35.4608,25.0,2.06
1379,Carnarvon,19.0,AU,1619742600.0,83.0,-24.8667,113.6333,22.0,5.66
1380,Rikitea,89.0,PF,1619742600.0,67.0,-23.1203,-134.9692,24.69,4.78
1381,Severo-Kurilsk,19.0,RU,1619742821.0,81.0,50.6789,156.125,3.59,2.45
1382,Atuona,5.0,PF,1619742696.0,68.0,-9.8,-139.0333,26.41,1.97
1383,Tasiilaq,75.0,GL,1619742619.0,86.0,65.6145,-37.6368,0.0,4.63
1384,Nurota,97.0,UZ,1619743275.0,37.0,40.5614,65.6886,21.0,5.14
1385,Zhigansk,100.0,RU,1619742692.0,96.0,66.7697,123.3711,-0.36,3.34
1386,Los Llanos De Aridane,75.0,ES,1619743181.0,77.0,28.6585,-17.9182,18.0,2.57
1387,Amderma,,,,,,,,
1388,Tanabe,20.0,JP,1619743275.0,63.0,33.7333,135.3667,18.0,2.57
1389,Nador,0.0,MA,1619742781.0,59.0,35.174,-2.9287,17.0,2.57
1390,Vaitupu,,,,,,,,
1391,Kargasok,21.0,RU,1619742888.0,77.0,59.0556,80.8572,5.35,7.09
1392,Umm Kaddadah,100.0,SD,1619743276.0,71.0,13.6017,26.6876,24.35,4.1
1393,Pevek,100.0,RU,1619742808.0,87.0,69.7008,170.3133,-6.08,3.61
1394,Mar Del Plata,0.0,AR,1619742749.0,72.0,-38.0023,-57.5575,18.0,6.17
1395,Rikitea,89.0,PF,1619742600.0,67.0,-23.1203,-134.9692,24.69,4.78
1396,Sobolevo,100.0,RU,1619743277.0,86.0,54.4299,31.8996,7.55,5.53
1397,Albany,100.0,US,1619742723.0,90.0,42.6001,-73.9662,13.33,0.45
1398,San Ciro De Acosta,57.0,MX,1619743277.0,69.0,21.6333,-99.8167,26.8,8.71
1399,Petropavlovsk-Kamchatskiy,20.0,RU,1619743218.0,66.0,53.0452,158.6483,8.0,2.0
